npi,provider_name,other_name,npi_assign_date,npi_deactivation_date,npi_reactivation_date,taxonomy,taxonomy_2,license_number,license_number_2,taxonomy_group,sole_proprietor,organization_subpart,gender,other_provider_type,taxonomy_classification,taxonomy_specialization,npi_practice_address,state,contact,vald_date
1548791452,"ADVANCED PSYCHIATRIC SOLUTONS, INC",ADVANCED KETAMINE CARE,03/22/2017,NA,NA,261QM0850X,NA,036128069,NA,Ambulatory Health Care Facilities,NA,N,NA,05,Clinic/Center,Adult Mental Health,"1550 spring rd,oak brook,il 60523,usa",IL,6308530087,01/31/2019
1982127668,GAIL REICH PSYCHOTHERAPY INC.,NA,07/25/2017,NA,NA,261QM0850X,NA,180.010240,NA,Ambulatory Health Care Facilities,NA,N,NA,01,Clinic/Center,Adult Mental Health,"4305 n lincoln ave st. i,chicago,il 60618,usa",IL,7734515874,07/25/2017
1730605577,"JUBY CLINICAL SERVICES, LLC",NA,08/14/2017,NA,NA,261QM0850X,NA,NA,NA,Ambulatory Health Care Facilities,NA,N,NA,NA,Clinic/Center,Adult Mental Health,"825 n cass ave st. 112,westmont,il 60559,usa",IL,7083369285,04/28/2019
1457879298,COVENANT INTUITION CENTER,NA,08/31/2017,NA,NA,261QM0850X,261QM0855X,NA,NA,Ambulatory Health Care Facilities,NA,N,NA,NA,Clinic/Center,Adult Mental Health,"1 west.rook corporate ctr st. 300,westchester,il 60154,usa",IL,2242521490,08/31/2017
1780193714,ERINN WILLIAMS LCPC LLC,NA,09/21/2017,NA,NA,261QM0850X,NA,180010797,NA,Ambulatory Health Care Facilities,NA,N,NA,01,Clinic/Center,Adult Mental Health,"30 n. michigan,chicago,il 60602,usa",IL,8168043544,02/11/2020
1588173454,THE OVAL CIRCLE LLC,TOCDOC,09/23/2017,NA,NA,261QM0850X,NA,NA,NA,Ambulatory Health Care Facilities,NA,N,NA,NA,Clinic/Center,Adult Mental Health,"411 n clarendon ct st. 104,savoy,il 61874,usa",IL,8156836109,10/24/2019
1366951121,"MELISSA CARLSON COUNSELING, INC",NA,09/25/2017,NA,NA,261QM0855X,NA,180.011171,NA,Ambulatory Health Care Facilities,NA,N,NA,NA,Clinic/Center,Adolescent and Children Mental Health,"2200 huntington dr n,algonquin,il 60102,usa",IL,6302292070,09/25/2017
1568973709,"DARA ALTSHULER COUNSELING, LLC",NA,10/16/2017,NA,NA,261QM0850X,NA,NA,NA,Ambulatory Health Care Facilities,NA,N,NA,NA,Clinic/Center,Adult Mental Health,"307 n michigan ave st. 409,chicago,il 60601,usa",IL,3129140801,10/16/2017
1588179360,CHRISANTHA E ANANDAPPA MD,NA,12/03/2017,NA,NA,261QM0850X,261QM0850X,4301092315,036.132734,Ambulatory Health Care Facilities,NA,N,NA,NA,Clinic/Center,Adult Mental Health,"2500 w bradley pl st. 100,chicago,il 60618,usa",IL,7085571930,03/17/2018
1376058016,CHRISANTHA ANANDAPPA MD,NA,12/04/2017,NA,NA,261QM0850X,261QM0850X,4301092315,036.132734,Ambulatory Health Care Facilities,NA,N,NA,NA,Clinic/Center,Adult Mental Health,"2500 w bradley pl st. 100,chicago,il 60618,usa",IL,7085571930,03/17/2018
1457889222,MONARCH WELLNESS LLC,NA,05/24/2017,NA,NA,261QM0850X,NA,NA,NA,Ambulatory Health Care Facilities,NA,N,NA,NA,Clinic/Center,Adult Mental Health,"545 plainfield rd.st. c,willowbrook,il 60527,usa",IL,7739916582,05/24/2017
1033632104,"DEPTH COUNSELING SERVICES, P.C.",NA,07/20/2017,NA,NA,261QM0850X,NA,180008936,NA,Ambulatory Health Care Facilities,NA,N,NA,NA,Clinic/Center,Adult Mental Health,"122 s michigan ave st. 1450,chicago,il 60603,usa",IL,3125880654,07/20/2017
1801311329,SUSAN MILLNER THERAPEUTIC SERVICES LLC,NA,08/04/2017,NA,NA,261QM0850X,NA,NA,NA,Ambulatory Health Care Facilities,NA,N,NA,NA,Clinic/Center,Adult Mental Health,"9711 skokie blvd,skokie,il 60077,usa",IL,8475254131,08/04/2017
1396260683,"PEARLS OF HOPE, LLC",NA,08/07/2017,NA,NA,261QM0850X,261QM0801X,180008970,180008970,Ambulatory Health Care Facilities,NA,N,NA,NA,Clinic/Center,Adult Mental Health,"850 ridgeway ave st. e,aurora,il 60506,usa",IL,8156034310,08/07/2017
1821516931,"MIDDLE PATH PSYCHOTHERAPY, LLC",NA,09/08/2017,NA,NA,261QM0850X,NA,071.009047,NA,Ambulatory Health Care Facilities,NA,N,NA,NA,Clinic/Center,Adult Mental Health,"1010 lake st.st. 614,oak park,il 60301,usa",IL,7086130344,09/08/2017
1568972404,"DR. YVONNE M. PATTERSON, LLC",NA,10/05/2017,NA,NA,261QM0850X,NA,071007524,NA,Ambulatory Health Care Facilities,NA,N,NA,NA,Clinic/Center,Adult Mental Health,"605 n michigan ave fl 4,chicago,il 60611,usa",IL,3128055523,10/05/2017
1295247518,"THIS LIFE COUNSELING, LLC",NA,10/26/2017,NA,NA,261QM0855X,261QM0850X,14901765,14901765,Ambulatory Health Care Facilities,NA,N,NA,NA,Clinic/Center,Adolescent and Children Mental Health,"803 n bridge st.st. d,yorkville,il 60560,usa",IL,3312163363,10/26/2017
1053825380,"OPTIMUM JOY, P.C.",NA,11/22/2017,NA,NA,261QM0850X,261QM0855X,NA,NA,Ambulatory Health Care Facilities,NA,N,NA,05,Clinic/Center,Adult Mental Health,"53 w jackson blvd st. 1201,chicago,il 60604,usa",IL,3127729796,11/02/2020
1538673801,MOLLY JO COUNSELING & ART THERAPY INC,NA,11/25/2017,NA,NA,261QM0850X,261QM0855X,180009952,180009952,Ambulatory Health Care Facilities,NA,N,NA,NA,Clinic/Center,Adult Mental Health,"2100 manchest.r rd.st. 400g,wheaton,il 60187,usa",IL,9206981886,11/25/2017
1821504788,MARYVILLE ACADEMY,FAMILY BEHAVIORAL HEALTH CLINIC,12/14/2017,NA,NA,261QM0855X,261QM0850X,NA,NA,Ambulatory Health Care Facilities,NA,N,NA,NA,Clinic/Center,Adolescent and Children Mental Health,"1510 n claremont ave,chicago,il 60622,usa",IL,8472941910,12/14/2017
1740795897,"RUFUS GONZALES PSYCHOTHERPAY, LLC",NA,12/12/2017,NA,NA,261QM0855X,261QM0850X,071007450,071007450,Ambulatory Health Care Facilities,NA,N,NA,NA,Clinic/Center,Adolescent and Children Mental Health,"6238 n clark st,chicago,il 60660,usa",IL,7085124854,12/12/2017
1548777303,COUNSELING ON WHEELS,NA,01/03/2018,NA,NA,261QM0850X,NA,071007241,NA,Ambulatory Health Care Facilities,NA,N,NA,NA,Clinic/Center,Adult Mental Health,"121 s wilke rd.st. 205,arlington heights,il 60005,usa",IL,7087218442,01/03/2018
1326555855,COLLIANCE WELLNESS LLC,NA,01/05/2018,NA,NA,261QM0850X,NA,149016140,NA,Ambulatory Health Care Facilities,NA,N,NA,NA,Clinic/Center,Adult Mental Health,"55 e monroe st.st. 3800,chicago,il 60603,usa",IL,3127140341,01/08/2018
1114434404,"PAULA P. MERUCCI, LLC",NA,01/08/2018,NA,NA,261QM0855X,NA,149017859,NA,Ambulatory Health Care Facilities,NA,N,NA,NA,Clinic/Center,Adolescent and Children Mental Health,"2530 crawford.ave st. 115,evanston,il 60201,usa",IL,8478596033,01/08/2018
1497253249,"PATRICK M. SZAFRAN, INC.",NA,01/26/2018,NA,NA,261QM0855X,261QM0801X,071009159,071009159,Ambulatory Health Care Facilities,NA,N,NA,NA,Clinic/Center,Adolescent and Children Mental Health,"1300 w belmont ave,chicago,il 60657,usa",IL,8478680142,01/26/2018
1649778994,GRYZBEK THERAPY SERVICES LLC,NA,01/31/2018,NA,NA,261QM0855X,261QM0850X,071.009076,071.009076,Ambulatory Health Care Facilities,NA,N,NA,NA,Clinic/Center,Adolescent and Children Mental Health,"1250 n mill st.st. 102a,naperville,il 60563,usa",IL,6304741171,01/31/2018
1073016184,CHICAGOTLC LLC,CHICAGO THERAPY AND LIFE COACHING,03/15/2018,NA,NA,261QM0850X,NA,NA,NA,Ambulatory Health Care Facilities,NA,N,NA,NA,Clinic/Center,Adult Mental Health,"150 s wacker dr st. 2400,chicago,il 60606,usa",IL,7732703076,03/15/2018
1184120933,"MEG EIFRIG, LLC",NA,04/02/2018,NA,NA,261QM0850X,NA,180010134,NA,Ambulatory Health Care Facilities,NA,N,NA,NA,Clinic/Center,Adult Mental Health,"1010 jorie blvd st. 364,oak brook,il 60523,usa",IL,7735589380,04/02/2018
1013414150,GRO COMMUNITY,GRO COMMUNITY,04/06/2018,NA,NA,261QM0855X,NA,NA,NA,Ambulatory Health Care Facilities,NA,N,NA,NA,Clinic/Center,Adolescent and Children Mental Health,"11004 s michigan ave,chicago,il 60628,usa",IL,7732538385,04/06/2018
1386141158,"DR. AMY SUSZKO BROWN, LLC",NA,04/09/2018,NA,NA,261QM0850X,NA,071.005567,NA,Ambulatory Health Care Facilities,NA,N,NA,NA,Clinic/Center,Adult Mental Health,"15 oak st.st. 2b,frankfort,il 60423,usa",IL,7089558070,07/08/2020
1417465022,"FINDLEY CHILD AND FAMILY CENTER, LLC",FINDLEY CHILD AND FAMILY THERAPY,01/17/2018,NA,NA,261QM0855X,NA,NA,NA,Ambulatory Health Care Facilities,NA,N,NA,NA,Clinic/Center,Adolescent and Children Mental Health,"2727 n wayne ave unit 2,chicago,il 60614,usa",IL,2548559746,01/17/2018
1851809255,ANN HRUBY LLC,NA,01/19/2018,NA,NA,261QM0850X,363LP0808X,NA,NA,Ambulatory Health Care Facilities,NA,N,NA,NA,Clinic/Center,Adult Mental Health,"1011 lake st.st. 304,oak park,il 60301,usa",IL,7736760555,01/19/2018
1568969780,VALENTINI THERAPY LLC,NA,04/13/2018,NA,NA,261QM0850X,NA,071-006131,NA,Ambulatory Health Care Facilities,NA,N,NA,NA,Clinic/Center,Adult Mental Health,"400 w roosevelt rd,wheaton,il 60187,usa",IL,6306325158,04/13/2018
1568959187,"LAURA ANDERSON, LLC",NA,04/19/2018,NA,NA,261QM0855X,NA,149015457,NA,Ambulatory Health Care Facilities,NA,N,NA,NA,Clinic/Center,Adolescent and Children Mental Health,"2000 n racine ave st. 2130,chicago,il 60614,usa",IL,4022898262,04/19/2018
1205326691,"MODERN CONNECTIONS THERAPY, LLC",NA,05/11/2018,NA,NA,261QM0850X,NA,149019589,NA,Ambulatory Health Care Facilities,NA,N,NA,NA,Clinic/Center,Adult Mental Health,"101 n marion st.st. 208,oak park,il 60301,usa",IL,7084059181,08/09/2018
1215429527,ADVOCATE HEALTH AND HOPSITALS CORPORATION,ADVOCATE CHILDHOOD TRAUMA TREATMENT PROGRAM,06/01/2018,NA,NA,261QM0855X,NA,NA,NA,Ambulatory Health Care Facilities,NA,Y,NA,NA,Clinic/Center,Adolescent and Children Mental Health,"440 quadrangle dr st. k,bolingbrook,il 60440,usa",IL,7083463010,06/01/2018
1548752355,"COFFEE TALK COUNSELING, INC.",NA,06/06/2018,NA,NA,261QM0850X,NA,NA,NA,Ambulatory Health Care Facilities,NA,N,NA,NA,Clinic/Center,Adult Mental Health,"3528 n ashland ave,chicago,il 60657,usa",IL,6306992747,06/06/2018
1457846594,WILMA L. BRYANT PSYCHOTHERAPY LTD,WILMA L BRYANT LCSW,06/29/2018,NA,NA,261QM0850X,NA,149005877,NA,Ambulatory Health Care Facilities,NA,N,NA,NA,Clinic/Center,Adult Mental Health,"100 n chest.ut st.st. 229,champaign,il 61820,usa",IL,2176377815,06/29/2018
1962997064,"LIVING ROOTS PSYCHOTHERAPY, LLC",NA,06/30/2018,NA,NA,261QM0850X,NA,NA,NA,Ambulatory Health Care Facilities,NA,N,NA,NA,Clinic/Center,Adult Mental Health,"4310 n spaulding ave,chicago,il 60618,usa",IL,3123713115,07/23/2018
1316433402,SYNERGY PRACTICE ASSOCIATES,NA,07/02/2018,NA,NA,261QM0850X,NA,180.010601,NA,Ambulatory Health Care Facilities,NA,N,NA,NA,Clinic/Center,Adult Mental Health,"334 w old town ct,chicago,il 60610,usa",IL,6307109494,07/02/2018
1487151130,WOLF LARSON ENTERPRISES LLC,NA,04/10/2018,NA,NA,261QM0855X,261QM0850X,NA,NA,Ambulatory Health Care Facilities,NA,N,NA,NA,Clinic/Center,Adolescent and Children Mental Health,"1932 deer ln,washington,il 61571,usa",IL,3092081288,04/10/2018
1679061188,JILLIAN CALIENDO PSYD INC,NA,04/30/2018,NA,NA,261QM0850X,NA,071.009708,NA,Ambulatory Health Care Facilities,NA,N,NA,NA,Clinic/Center,Adult Mental Health,"25 e washington st.st. 908,chicago,il 60602,usa",IL,3129856855,04/30/2018
1336632868,"EUNICE KIM, PSY.D., P.C.","EUNICE KIM, PSY.D., LTD.",06/09/2018,NA,NA,261QM0850X,NA,071006918,NA,Ambulatory Health Care Facilities,NA,N,NA,01,Clinic/Center,Adult Mental Health,"30 n michigan ave st. 1519,chicago,il 60602,usa",IL,7733987431,12/13/2020
1639662877,"HELP 4 LITTLE HANDS, LLC",NA,06/12/2018,NA,NA,261QM0855X,NA,149.015580,NA,Ambulatory Health Care Facilities,NA,N,NA,NA,Clinic/Center,Adolescent and Children Mental Health,"68 carmella drive,crystal lake,il 60012,usa",IL,8157158757,06/12/2018
1780178418,CENTER FOCUSED THERAPY LLC,NA,06/16/2018,NA,NA,261QM0850X,NA,071009263,NA,Ambulatory Health Care Facilities,NA,N,NA,NA,Clinic/Center,Adult Mental Health,"30 n michigan ave st. 908,chicago,il 60602,usa",IL,6307889369,06/16/2018
1164908547,"SERENDIPITY COUNSELING SERVICES, INC",NA,07/18/2018,NA,NA,261QM0850X,NA,149.018138,NA,Ambulatory Health Care Facilities,NA,N,NA,01,Clinic/Center,Adult Mental Health,"45 s park blvd,glen ellyn,il 60137,usa",IL,6308667393,12/06/2019
1568949329,"A SAFE HAVEN, L.L.C.",NA,07/25/2018,NA,NA,261QM0850X,261QM0801X,NA,NA,Ambulatory Health Care Facilities,NA,N,NA,NA,Clinic/Center,Adult Mental Health,"2750 w roosevelt rd,chicago,il 60608,usa",IL,3123726707,04/20/2020
1174002356,"MOSAIC LEAF THERAPY AND WELLNESS, LLC",NA,08/09/2018,NA,NA,261QM0850X,261QM0855X,071.009800,071.009800,Ambulatory Health Care Facilities,NA,N,NA,NA,Clinic/Center,Adult Mental Health,"200 w madison st.st. 2100,chicago,il 60606,usa",IL,3125228280,09/06/2018
1841770336,SAFER FOUNDATION,NA,08/15/2018,NA,NA,261QM0850X,NA,NA,NA,Ambulatory Health Care Facilities,NA,N,NA,05,Clinic/Center,Adult Mental Health,"808 s kedzie ave,chicago,il 60612,usa",IL,7733207160,08/15/2018
1174003644,SAFER FOUNDATION,NA,08/15/2018,NA,NA,261QM0850X,NA,NA,NA,Ambulatory Health Care Facilities,NA,N,NA,05,Clinic/Center,Adult Mental Health,"571 w jackson blvd,chicago,il 60661,usa",IL,7733207160,08/15/2018
1205317377,AUTUMN HEALTHCARE OF ILLINOIS,NA,08/27/2018,NA,NA,261QM0855X,261QM0850X,NA,NA,Ambulatory Health Care Facilities,NA,N,NA,NA,Clinic/Center,Adolescent and Children Mental Health,"9449 s kedzie ave,evergreen pk,il 60805,usa",IL,7738527454,12/13/2018
1710468533,REHS COUNSELING,NA,08/29/2018,NA,NA,261QM0855X,261QM0850X,178.009793,178.009793,Ambulatory Health Care Facilities,NA,N,NA,NA,Clinic/Center,Adolescent and Children Mental Health,"1286 n milwaukee ave st. 7,chicago,il 60622,usa",IL,3304720506,08/29/2018
1083196315,RELEVANCE COUNSELING,NA,09/04/2018,NA,NA,261QM0850X,NA,NA,NA,Ambulatory Health Care Facilities,NA,N,NA,NA,Clinic/Center,Adult Mental Health,"10 w main st.st. 201c,cary,il 60013,usa",IL,8479225861,09/04/2018
1487137303,WENDY SPIKINGS,NA,09/07/2018,NA,NA,261QM0850X,NA,=========,NA,Ambulatory Health Care Facilities,NA,N,NA,NA,Clinic/Center,Adult Mental Health,"1305 remington rd.st. u,schaumburg,il 60173,usa",IL,7082686528,09/29/2018
1407331077,LINK AND OPTION CENTER INC,NA,09/30/2018,NA,NA,261QM0855X,261QM0801X,NA,NA,Ambulatory Health Care Facilities,NA,N,NA,NA,Clinic/Center,Adolescent and Children Mental Health,"3330 w 177th st.st. 2c,hazel crest,il 60429,usa",IL,7083318111,10/24/2019
1164997284,TMH BEHAVIORAL SERVICES P.C.,NA,10/04/2018,NA,NA,261QM0855X,261QM0850X,NA,NA,Ambulatory Health Care Facilities,NA,N,NA,NA,Clinic/Center,Adolescent and Children Mental Health,"710 e 47th st.st. 203w,chicago,il 60653,usa",IL,7737017486,11/18/2019
1730656000,"EMBODIED CHANGE, INC",NA,10/25/2018,NA,NA,261QM0850X,251S00000X,NA,NA,Ambulatory Health Care Facilities,NA,N,NA,05,Clinic/Center,Adult Mental Health,"4055 w peterson ave st. 104,chicago,il 60646,usa",IL,7737267290,03/25/2019
1538637277,REVEL LIVING LLC,NA,11/12/2018,NA,NA,261QM0855X,261QM0850X,NA,NA,Ambulatory Health Care Facilities,NA,N,NA,NA,Clinic/Center,Adolescent and Children Mental Health,"1740 ridge ave st. 305,evanston,il 60201,usa",IL,6199528263,11/30/2020
1669941720,"LAURA G GERBER, PC",NA,11/19/2018,NA,NA,261QM0855X,261QM0850X,NA,NA,Ambulatory Health Care Facilities,NA,N,NA,NA,Clinic/Center,Adolescent and Children Mental Health,"85 revere dr st. b,northbrook,il 60062,usa",IL,8479977470,11/19/2018
1154893816,SUSAN L MELSKY LCSW PC,NA,12/19/2018,NA,NA,261QM0850X,NA,NA,NA,Ambulatory Health Care Facilities,NA,N,NA,NA,Clinic/Center,Adult Mental Health,"25 e washington st.st. 1608,chicago,il 60602,usa",IL,8476685254,03/01/2019
1003396599,"OBSIDIAN COUNSELING AND WELLNESS, LLC",NA,08/15/2018,NA,NA,261QM0850X,NA,NA,NA,Ambulatory Health Care Facilities,NA,N,NA,NA,Clinic/Center,Adult Mental Health,"723 elm st.st. 20,winnetka,il 60093,usa",IL,8472082972,08/15/2018
1366922502,"CENTER FOR WISDOM HEALING, INC",NA,08/17/2018,NA,NA,261QM0850X,NA,149010022,NA,Ambulatory Health Care Facilities,NA,N,NA,NA,Clinic/Center,Adult Mental Health,"1101 lake st.st. 201,oak park,il 60301,usa",IL,7082572838,08/17/2018
1295215341,"EVERYDAY EMPOWERED COUNSELING SERVICES, LTD.",NA,08/17/2018,NA,NA,261QM0855X,261QM0850X,071008972,071008972,Ambulatory Health Care Facilities,NA,N,NA,01,Clinic/Center,Adolescent and Children Mental Health,"5117 main st.# 7,downers grove,il 60515,usa",IL,6302205627,08/17/2018
1588148548,FAMILY FIRST DOMESTIC & FAMILY COUNSELING CLINIC,NA,09/17/2018,NA,NA,261QM0855X,261QM0850X,NA,NA,Ambulatory Health Care Facilities,NA,N,NA,NA,Clinic/Center,Adolescent and Children Mental Health,"9522 s halst.d st,chicago,il 60628,usa",IL,7738527454,09/15/2019
1720553746,"SEQUEL SCHOOLS, LLC",NA,10/05/2018,NA,NA,261QM0855X,NA,NA,NA,Ambulatory Health Care Facilities,NA,N,NA,NA,Clinic/Center,Adolescent and Children Mental Health,"998 corporate blvd,aurora,il 60502,usa",IL,2568803339,10/05/2018
1538634266,IKIGAI,NA,10/09/2018,NA,NA,261QM0850X,NA,NA,NA,Ambulatory Health Care Facilities,NA,N,NA,NA,Clinic/Center,Adult Mental Health,"4208 n central park ave,chicago,il 60618,usa",IL,2243720019,10/09/2018
1336614692,"HOSKINS PSYCHOLOGICAL SERVICES, LLC",NA,10/12/2018,NA,NA,261QM0855X,261QM0850X,NA,NA,Ambulatory Health Care Facilities,NA,N,NA,NA,Clinic/Center,Adolescent and Children Mental Health,"1740 ridge ave st. ll4,evanston,il 60201,usa",IL,7732343378,11/25/2018
1639649007,"KATHY KAROUZOS COUNSELING, LLC",NA,11/28/2018,NA,NA,261QM0850X,261QM0855X,NA,NA,Ambulatory Health Care Facilities,NA,N,NA,NA,Clinic/Center,Adult Mental Health,"330 w. ivy ln.,peoria,il 61614,usa",IL,6183340604,11/28/2018
1811467608,MADRIGAL CONSULTING AND COUNSELING LLP,NA,12/05/2018,NA,NA,261QM0855X,NA,NA,NA,Ambulatory Health Care Facilities,NA,N,NA,NA,Clinic/Center,Adolescent and Children Mental Health,"174 highpoint dr,romeoville,il 60446,usa",IL,3312624049,12/05/2018
1376017921,"CHICAGO COUNSELING COLLECTIVE, P.C.",NA,01/17/2019,NA,NA,261QM0850X,NA,NA,NA,Ambulatory Health Care Facilities,NA,N,NA,NA,Clinic/Center,Adult Mental Health,"155 n michigan ave st. 714,chicago,il 60601,usa",IL,3126008310,01/17/2019
1831663798,ROSECRANCE INC,NA,01/14/2019,NA,NA,261QM0855X,NA,NA,NA,Ambulatory Health Care Facilities,NA,N,NA,NA,Clinic/Center,Adolescent and Children Mental Health,"1601 university dr,rockford,il 61107,usa",IL,8153875642,01/14/2019
1407320096,"LAURA LISTENS, LLC",NA,01/16/2019,NA,NA,261QM0850X,NA,NA,NA,Ambulatory Health Care Facilities,NA,N,NA,01,Clinic/Center,Adult Mental Health,"277 83rd.st.st. d,burr ridge,il 60527,usa",IL,6302914470,06/03/2019
1922564970,"STICKNEY PUBLIC HEALTH DISTRICT, BEHAVIORAL HEALTH DIVISION",NA,02/14/2019,NA,NA,261QM0855X,261QM0850X,NA,NA,Ambulatory Health Care Facilities,NA,N,NA,NA,Clinic/Center,Adolescent and Children Mental Health,"5635 st.te rd.,burbank,il 60459,usa",IL,7084249200,02/14/2019
1467918417,"STICKNEY PUBLIC HEALTH DISTRICT, BEHAVIORAL HEALTH DIVISION",NA,02/14/2019,NA,NA,261QM0855X,261QM0850X,NA,NA,Ambulatory Health Care Facilities,NA,N,NA,NA,Clinic/Center,Adolescent and Children Mental Health,"6721 w. 40th st.,stickney,il 60402,usa",IL,7084249200,02/14/2019
1457817264,"SUSAN BACHMAN, LCSW,SC",NA,02/17/2019,NA,NA,261QM0850X,NA,NA,NA,Ambulatory Health Care Facilities,NA,N,NA,NA,Clinic/Center,Adult Mental Health,"2132 w roscoe st,chicago,il 60618,usa",IL,7738800947,02/17/2019
1447712245,HUMBOLDT PARK HEALTH,NA,04/02/2019,NA,NA,261QM0850X,NA,NA,NA,Ambulatory Health Care Facilities,NA,N,NA,NA,Clinic/Center,Adult Mental Health,"1044 n francisco ave,chicago,il 60622,usa",IL,2692445256,01/27/2021
1104489244,CHILDRENS ADVOCATE,NA,04/15/2019,NA,NA,261QM0850X,261QM0855X,NA,NA,Ambulatory Health Care Facilities,NA,N,NA,NA,Clinic/Center,Adult Mental Health,"2517 athens rd,olympia fields,il 60461,usa",IL,7087439090,11/30/2020
1881257806,"HEALING STEPS COUNSELING, PC",NA,04/16/2019,NA,NA,261QM0850X,261QM0855X,NA,NA,Ambulatory Health Care Facilities,NA,N,NA,NA,Clinic/Center,Adult Mental Health,"230 main st,park forest,il 60466,usa",IL,7086541361,11/24/2020
1851959357,"A BEAUTIFUL MIND, INC",NA,05/31/2019,NA,NA,261QM0850X,261QM0855X,NA,NA,Ambulatory Health Care Facilities,NA,N,NA,NA,Clinic/Center,Adult Mental Health,"5113 s harper ave # 2c,chicago,il 60615,usa",IL,3126971795,05/26/2020
1770144248,NURTURING EMOTIONAL WELLNESS CENTER LLC,NA,06/25/2019,NA,NA,261QM0850X,261QM0855X,NA,NA,Ambulatory Health Care Facilities,NA,N,NA,NA,Clinic/Center,Adult Mental Health,"17732 oak park ave st. k,tinley park,il 60477,usa",IL,7082123606,06/25/2019
1528532785,AKSPAINLLC,NA,01/21/2019,NA,NA,261QM0850X,NA,NA,NA,Ambulatory Health Care Facilities,NA,N,NA,NA,Clinic/Center,Adult Mental Health,"245 s east.ave unit 1,oak park,il 60302,usa",IL,6302401182,01/21/2019
1659833861,"LAKESHORE COUNSELING GROUP, LLC",NA,04/05/2019,NA,NA,261QM0850X,NA,NA,NA,Ambulatory Health Care Facilities,NA,N,NA,NA,Clinic/Center,Adult Mental Health,"53 w jackson blvd st. 1625,chicago,il 60604,usa",IL,6307762230,04/05/2019
1295297364,"NORTHSHORE TMS, SC",NA,04/05/2019,NA,NA,261QM0850X,NA,NA,NA,Ambulatory Health Care Facilities,NA,N,NA,NA,Clinic/Center,Adult Mental Health,"977 lakeview pkwy,vernon hills,il 60061,usa",IL,8475625868,04/05/2019
1568029338,"INSPIRE WITHIN THERAPY, LLC",NA,05/28/2019,NA,NA,261QM0850X,101YP2500X,NA,NA,Ambulatory Health Care Facilities,NA,N,NA,01,Clinic/Center,Adult Mental Health,"4305 n lincoln ave st. l,chicago,il 60618,usa",IL,7738881794,06/11/2019
1649837394,"CARA NICHOLSON, PSY.D. PLLC",NA,05/28/2019,NA,NA,261QM0850X,261QM0855X,NA,NA,Ambulatory Health Care Facilities,NA,N,NA,NA,Clinic/Center,Adult Mental Health,"3250 n arlington heights rd.# wing200,arlington heights,il 60004,usa",IL,8477127300,12/05/2019
1932767696,"CREATIVE LIFE INITIATIVES, LLC",NA,05/29/2019,NA,NA,261QM0850X,NA,NA,NA,Ambulatory Health Care Facilities,NA,N,NA,NA,Clinic/Center,Adult Mental Health,"119 st.phen st,lemont,il 60439,usa",IL,7086069690,05/29/2019
1821657289,SOMAWISE CHICAGO,NA,06/10/2019,NA,NA,261QM0850X,NA,NA,NA,Ambulatory Health Care Facilities,NA,N,NA,NA,Clinic/Center,Adult Mental Health,"2761 w saint mary st,chicago,il 60647,usa",IL,3128109553,06/10/2019
1881254175,VIRA WELLNESS CENTER LLC,NA,06/18/2019,NA,NA,261QM0850X,NA,NA,NA,Ambulatory Health Care Facilities,NA,N,NA,NA,Clinic/Center,Adult Mental Health,"1845 n larrabee st.apt 204,chicago,il 60614,usa",IL,9548050177,06/18/2019
1558923789,"OLD OAK PSYCHOLOGICAL HEALTH CENTER, LLC",NA,07/09/2019,NA,NA,261QM0855X,261QM0850X,NA,NA,Ambulatory Health Care Facilities,NA,N,NA,NA,Clinic/Center,Adolescent and Children Mental Health,"401 e prospect ave st. 218,mt prospect,il 60056,usa",IL,8479993888,10/08/2019
1407403884,"PERSPECTIVE PSYCHOLOGY, LLC",NA,08/21/2019,NA,NA,261QM0850X,NA,NA,NA,Ambulatory Health Care Facilities,NA,N,NA,NA,Clinic/Center,Adult Mental Health,"401 s la salle st.st. 800h,chicago,il 60605,usa",IL,3125889672,11/01/2020
1194372458,"COGNITIVE FOCUS CENTERS, INC.",NA,08/21/2019,NA,NA,261QM0850X,261QM0855X,NA,NA,Ambulatory Health Care Facilities,NA,N,NA,05,Clinic/Center,Adult Mental Health,"901 e 95th st,chicago,il 60619,usa",IL,4126617790,12/07/2020
1699336784,CORE COUNSELING INC.,NA,06/27/2019,NA,NA,261QM0850X,NA,NA,NA,Ambulatory Health Care Facilities,NA,N,NA,NA,Clinic/Center,Adult Mental Health,"2835 n sheffield ave st. 222,chicago,il 60657,usa",IL,3124808249,06/27/2019
1437705894,ILLINOIS BEHAVIORAL CARE LLC,NA,08/12/2019,NA,NA,261QM0850X,261QM0855X,NA,NA,Ambulatory Health Care Facilities,NA,N,NA,NA,Clinic/Center,Adult Mental Health,"1935 tanglewood dr unit h,glenview,il 60025,usa",IL,8477222269,12/14/2020
1417505314,"PRISCILLA C BUTLER, PSYD, LLC",EUNOIA PSYCHOLOGICAL SERVICES,09/04/2019,NA,NA,261QM0850X,NA,NA,NA,Ambulatory Health Care Facilities,NA,N,NA,NA,Clinic/Center,Adult Mental Health,"30 n michigan ave st. 1622,chicago,il 60602,usa",IL,7734242128,08/05/2020
1346899978,GREENTREE MINISTRIES,GREENTREE COUNSELING,09/06/2019,NA,NA,261QM0850X,NA,NA,NA,Ambulatory Health Care Facilities,NA,N,NA,NA,Clinic/Center,Adult Mental Health,"543 card.nal ave,oswego,il 60543,usa",IL,3144948712,09/06/2019
1689223240,AIDS FOUNDATION OF CHICAGO,NA,09/06/2019,NA,NA,261QM0850X,NA,NA,NA,Ambulatory Health Care Facilities,NA,N,NA,NA,Clinic/Center,Adult Mental Health,"200 w monroe st.st. 1150,chicago,il 60606,usa",IL,3123340949,09/06/2019
1467003145,LESLIE FRONDORF LCPC LLC,NA,09/24/2019,NA,NA,261QM0855X,261QM0850X,NA,NA,Ambulatory Health Care Facilities,NA,N,NA,NA,Clinic/Center,Adolescent and Children Mental Health,"5215 n ravenswood ave st. 214,chicago,il 60640,usa",IL,6108883595,09/24/2019
1831730092,MARCFIRST,NA,09/30/2019,NA,NA,261QM0850X,NA,NA,NA,Ambulatory Health Care Facilities,NA,N,NA,NA,Clinic/Center,Adult Mental Health,"1606 hunt dr,normal,il 61761,usa",IL,3094518989,09/30/2019
1487296380,"SUBER COUNSELING & CONSULTING, LLC",NA,10/11/2019,NA,NA,261QM0850X,101YP2500X,NA,NA,Ambulatory Health Care Facilities,NA,N,NA,NA,Clinic/Center,Adult Mental Health,"1740 ridge ave st. ll4,evanston,il 60201,usa",IL,8478682071,10/11/2019
1215570346,ULTREIA COUNSELING LLC,NA,10/22/2019,NA,NA,261QM0850X,NA,NA,NA,Ambulatory Health Care Facilities,NA,N,NA,01,Clinic/Center,Adult Mental Health,"307 n michigan ave st. 412,chicago,il 60601,usa",IL,6306501460,10/22/2019
1295379972,COMPASS HEALTH CENTER OAKBROOK PLLC,NA,11/05/2019,NA,NA,261QM0855X,261QM0850X,NA,NA,Ambulatory Health Care Facilities,NA,N,NA,NA,Clinic/Center,Adolescent and Children Mental Health,"700 oakmont ln,westmont,il 60559,usa",IL,2243061879,11/05/2019
1073157707,HEALTHY MINDS INTERNATIONAL INC,NA,11/06/2019,NA,NA,261QM0855X,261QM0850X,NA,NA,Ambulatory Health Care Facilities,NA,N,NA,NA,Clinic/Center,Adolescent and Children Mental Health,"3400 dundee rd.st. 150,northbrook,il 60062,usa",IL,8476028065,03/19/2020
1407491863,ELEVATED GROUPS COUNSELING LLC,NA,11/08/2019,NA,NA,261QM0850X,261QM0855X,NA,NA,Ambulatory Health Care Facilities,NA,N,NA,NA,Clinic/Center,Adult Mental Health,"10436 southwest.hwy,chicago ridge,il 60415,usa",IL,7086473333,08/28/2020
1740825710,"THE TABOR THERAPY GROUP, INC.",NA,11/13/2019,NA,NA,261QM0855X,NA,NA,NA,Ambulatory Health Care Facilities,NA,N,NA,NA,Clinic/Center,Adolescent and Children Mental Health,"5404 w elm st.st. h,mchenry,il 60050,usa",IL,8153318768,11/13/2019
1194360164,"THE TABOR THERAPY GROUP, INC.",NA,11/13/2019,NA,NA,261QM0850X,261QM0855X,NA,NA,Ambulatory Health Care Facilities,NA,N,NA,NA,Clinic/Center,Adult Mental Health,"5404 w elm st.st. h,mchenry,il 60050,usa",IL,8153318768,05/05/2020
1881230860,SMCCLURE LCSW LLC,NA,11/25/2019,NA,NA,261QM0850X,NA,NA,NA,Ambulatory Health Care Facilities,NA,N,NA,NA,Clinic/Center,Adult Mental Health,"25 e washington st.st. 1406,chicago,il 60602,usa",IL,7736559983,11/25/2019
1356987184,"AUNT MARTHA'S HEALTH AND WELLNESS, INC.",AUNT MARTHA'S INTEGRATED CARE CENTER,11/27/2019,NA,NA,261QM0850X,261QM0855X,NA,NA,Ambulatory Health Care Facilities,NA,N,NA,NA,Clinic/Center,Adult Mental Health,"5001 s michigan ave st. b,chicago,il 60615,usa",IL,7088257511,10/09/2020
1871131953,TAZEWELL COUNTY RESOURCE CENTERS INC,NA,12/19/2019,NA,NA,261QM0850X,NA,NA,NA,Ambulatory Health Care Facilities,NA,Y,NA,NA,Clinic/Center,Adult Mental Health,"501 e highland st,morton,il 61550,usa",IL,3093477148,12/19/2019
1275172009,CENTER FOR HOUSING AND HEALTH,NA,12/26/2019,NA,NA,261QM0850X,NA,NA,NA,Ambulatory Health Care Facilities,NA,N,NA,NA,Clinic/Center,Adult Mental Health,"200 w monroe st.st. 1150,chicago,il 60606,usa",IL,3123340949,12/26/2019
1609407147,TODD LAZAR LCSW LLC,NA,02/03/2020,NA,NA,261QM0850X,NA,NA,NA,Ambulatory Health Care Facilities,NA,N,NA,NA,Clinic/Center,Adult Mental Health,"2858 w diversey ave,chicago,il 60647,usa",IL,3129256366,02/24/2020
1679106439,"ALOME L STEIN, PSYD, LTD",NA,02/19/2020,NA,NA,261QM0850X,NA,NA,NA,Ambulatory Health Care Facilities,NA,N,NA,NA,Clinic/Center,Adult Mental Health,"24 meisinger ln,naperville,il 60540,usa",IL,3318269640,02/19/2020
1689223992,"HANNAH NEWMAN, LCSW LLC",NA,09/09/2019,NA,NA,261QM0855X,261QM0801X,NA,NA,Ambulatory Health Care Facilities,NA,N,NA,NA,Clinic/Center,Adolescent and Children Mental Health,"3111 w armitage ave fl 2,chicago,il 60647,usa",IL,8479093805,09/09/2019
1720629041,"MONTE NIDO ILLINOIS, LLC",CLEMENTINE NAPERVILLE,10/08/2019,NA,NA,261QM0855X,NA,NA,NA,Ambulatory Health Care Facilities,NA,N,NA,NA,Clinic/Center,Adolescent and Children Mental Health,"27w121 80th st,naperville,il 60565,usa",IL,3056631876,02/20/2020
1427690676,MIDWEST FAMILY AND COMMUNITY RESOURCES PC,NA,10/09/2019,NA,NA,261QM0850X,261QM0855X,NA,NA,Ambulatory Health Care Facilities,NA,N,NA,NA,Clinic/Center,Adult Mental Health,"3330 w 177th st.fl 1,hazel crest,il 60429,usa",IL,7087453040,01/11/2021
1073156725,"PATHWAYS TO WELLNESS COUNSELING SERVICES, LLC",NA,10/25/2019,NA,NA,261QM0850X,NA,NA,NA,Ambulatory Health Care Facilities,NA,N,NA,NA,Clinic/Center,Adult Mental Health,"555 w central rd,hoffman estates,il 60192,usa",IL,8479993579,12/18/2019
1851934319,PATRICIA LOVELACE AND ASSOCIATES INC,NA,10/28/2019,NA,NA,261QM0850X,NA,NA,NA,Ambulatory Health Care Facilities,NA,N,NA,NA,Clinic/Center,Adult Mental Health,"900 jorie blvd st. 234,oak brook,il 60523,usa",IL,6303680607,12/03/2020
1386280634,"EMBRACE SEXUAL WELLNESS, LLC.",NA,11/21/2019,NA,NA,261QM0850X,NA,NA,NA,Ambulatory Health Care Facilities,NA,N,NA,NA,Clinic/Center,Adult Mental Health,"3701 n ravenswood ave st. 302,chicago,il 60613,usa",IL,8478682018,11/21/2019
1366082232,"WESTCARE ILLINOIS, INC",NA,01/08/2020,NA,NA,261QM0855X,261QM0850X,NA,NA,Ambulatory Health Care Facilities,NA,N,NA,NA,Clinic/Center,Adolescent and Children Mental Health,"1100 w cermak rd.st. b116,chicago,il 60608,usa",IL,3125687051,01/08/2020
1295375673,HOPE FOR RECOVERY INC,NA,01/13/2020,NA,NA,261QM0850X,261QR0405X,NA,NA,Ambulatory Health Care Facilities,NA,N,NA,NA,Clinic/Center,Adult Mental Health,"15750 s bell rd.st. 1a,homer glen,il 60491,usa",IL,8552234673,07/19/2020
1962034488,GLOBAL EXECUTIVE COUNCIL SERVICES,GLOBAL EXECUTIVE COUNCIL SERVICES,02/12/2020,NA,NA,261QM0855X,251S00000X,NA,NA,Ambulatory Health Care Facilities,NA,N,NA,NA,Clinic/Center,Adolescent and Children Mental Health,"5766 n lincoln ave st. 4s,chicago,il 60659,usa",IL,8728062066,08/28/2020
1376176651,COMPASS MENTAL HEALTH SOLUTIONS LLC,NA,02/15/2020,NA,NA,261QM0850X,NA,NA,NA,Ambulatory Health Care Facilities,NA,N,NA,NA,Clinic/Center,Adult Mental Health,"2802 n woodbine ter,peoria,il 61604,usa",IL,3096424775,02/15/2020
1770117475,WYELLIS INC,NA,03/03/2020,NA,NA,261QM0850X,NA,NA,NA,Ambulatory Health Care Facilities,NA,N,NA,NA,Clinic/Center,Adult Mental Health,"1607 w court st,kankakee,il 60901,usa",IL,8154507100,03/03/2020
1568099307,GREATER HEIGHTS P MEDICAL SERVICES,NA,03/23/2020,NA,NA,261QM0850X,NA,NA,NA,Ambulatory Health Care Facilities,NA,N,NA,05,Clinic/Center,Adult Mental Health,"1005 s evergreen ave,arlington heights,il 60005,usa",IL,2246592484,04/07/2020
1346877412,MIND BODY CENTER,NA,03/26/2020,NA,NA,261QM0850X,NA,NA,NA,Ambulatory Health Care Facilities,NA,N,NA,NA,Clinic/Center,Adult Mental Health,"2551 n clark st.st. 301,chicago,il 60614,usa",IL,9786975301,03/26/2020
1477181089,"JULIE MUELLER, LCPC, LLC",NA,03/30/2020,NA,NA,261QM0850X,NA,NA,NA,Ambulatory Health Care Facilities,NA,N,NA,NA,Clinic/Center,Adult Mental Health,"16860 oak park ave st. 201,tinley park,il 60477,usa",IL,3122460465,03/30/2020
1861012114,COUNSELING ARTS & WELLNESS LLC,NA,04/16/2020,NA,NA,261QM0850X,NA,NA,NA,Ambulatory Health Care Facilities,NA,N,NA,NA,Clinic/Center,Adult Mental Health,"2100 manchest.r rd.st. 966,wheaton,il 60187,usa",IL,4074351131,04/17/2020
1508486358,LUVMI THERAPY LLC,NA,04/22/2020,NA,NA,261QM0850X,NA,NA,NA,Ambulatory Health Care Facilities,NA,N,NA,NA,Clinic/Center,Adult Mental Health,"930 175th st.st. 2ne-b,homewood,il 60430,usa",IL,7082758425,07/31/2020
1437771979,HEALTHY MIND AND BODY LLC,NA,05/07/2020,NA,NA,261QM0850X,NA,NA,NA,Ambulatory Health Care Facilities,NA,N,NA,NA,Clinic/Center,Adult Mental Health,"10540 s west.rn ave st. 507,chicago,il 60643,usa",IL,7735732619,05/07/2020
1689296162,"KMETKO & ASSOCIATES, LTD.",NA,05/07/2020,NA,NA,261QM0855X,NA,NA,NA,Ambulatory Health Care Facilities,NA,N,NA,NA,Clinic/Center,Adolescent and Children Mental Health,"4043 n ravenswood ave st. 121,chicago,il 60613,usa",IL,7735616196,05/07/2020
1801418074,SANA HEALING COLLECTIVE,NA,05/11/2020,NA,NA,261QM0850X,NA,NA,NA,Ambulatory Health Care Facilities,NA,N,NA,NA,Clinic/Center,Adult Mental Health,"405 n. wabash st.,chicago,il 60611,usa",IL,6513388231,05/11/2020
1275155418,TEN BROECK TENNESSEE PHYSICIANS GROUP INC,NA,05/11/2020,NA,NA,261QM0850X,NA,NA,NA,Ambulatory Health Care Facilities,NA,Y,NA,NA,Clinic/Center,Adult Mental Health,"45oo memorial drive,belleville,il 62226,usa",IL,9317832511,05/11/2020
1083236012,TEN BROECK TENNESSEE PHYSICIANS GROUP INC,NA,05/13/2020,NA,NA,261QM0850X,NA,NA,NA,Ambulatory Health Care Facilities,NA,N,NA,NA,Clinic/Center,Adult Mental Health,"802 n 8th st,vandalia,il 62471,usa",IL,9317832511,05/13/2020
1962035709,ELLEN M GRIFFIN PSYD PC,NA,02/20/2020,NA,NA,261QM0855X,261QM0850X,NA,NA,Ambulatory Health Care Facilities,NA,N,NA,NA,Clinic/Center,Adolescent and Children Mental Health,"155 n michigan ave st. 512,chicago,il 60601,usa",IL,3127872726,02/20/2020
1790318301,NEST PSYCHOTHERAPY LLC,NA,02/21/2020,NA,NA,261QM0855X,NA,NA,NA,Ambulatory Health Care Facilities,NA,N,NA,05,Clinic/Center,Adolescent and Children Mental Health,"3166 n lincoln ave st. 306,chicago,il 60657,usa",IL,8473489849,07/08/2020
1093340044,HEARTFUL HEALING LLC,NA,03/10/2020,NA,NA,261QM0850X,NA,NA,NA,Ambulatory Health Care Facilities,NA,N,NA,NA,Clinic/Center,Adult Mental Health,"3411 w diversey ave st. 8,chicago,il 60647,usa",IL,7189384174,03/10/2020
1316576200,EXISTENTIAL COUNSELOR SOCIETY,NA,04/03/2020,NA,NA,261QM0855X,261QM0850X,NA,NA,Ambulatory Health Care Facilities,NA,Y,NA,NA,Clinic/Center,Adolescent and Children Mental Health,"2319 manhattan rd,joliet,il 60433,usa",IL,7082500520,07/31/2020
1003435934,"THE TABOR THERAPY GROUP, INC",NA,04/10/2020,NA,NA,261QM0850X,NA,NA,NA,Ambulatory Health Care Facilities,NA,Y,NA,05,Clinic/Center,Adult Mental Health,"12151 regency pkwy st. 12169,huntley,il 60142,usa",IL,8153318768,04/10/2020
1619596541,"THE TABOR THERAPY GROUP, INC",NA,04/10/2020,NA,NA,261QM0850X,261QM0855X,NA,NA,Ambulatory Health Care Facilities,NA,Y,NA,05,Clinic/Center,Adult Mental Health,"12151 regency pkwy st. 12169,huntley,il 60142,usa",IL,8153318768,05/05/2020
1255954780,THE TRANSFORMATION SPECIALISTS LLC,NA,05/19/2020,NA,NA,261QM0855X,261QM0801X,NA,NA,Ambulatory Health Care Facilities,NA,N,NA,05,Clinic/Center,Adolescent and Children Mental Health,"813 ash st,flossmoor,il 60422,usa",IL,7083811170,05/19/2020
1144843152,HEALING AND FUERZA THERAPY LLC,NA,05/26/2020,NA,NA,261QM0850X,261QM0801X,NA,NA,Ambulatory Health Care Facilities,NA,N,NA,NA,Clinic/Center,Adult Mental Health,"3735 s wallace st.1r,chicago,il 60609,usa",IL,7738960219,05/26/2020
1851914816,"PHOENIX COUNSELING AND WELLNESS, LLC",NA,05/26/2020,NA,NA,261QM0850X,261QM0855X,NA,NA,Ambulatory Health Care Facilities,NA,N,NA,NA,Clinic/Center,Adult Mental Health,"604 35th ave,moline,il 61265,usa",IL,3093632060,05/26/2020
1437776879,"VESNA HEALING, LLC",NA,07/01/2020,NA,NA,261QM0850X,NA,NA,NA,Ambulatory Health Care Facilities,NA,N,NA,NA,Clinic/Center,Adult Mental Health,"1225 w morse ave apt 203,chicago,il 60626,usa",IL,7734436137,07/01/2020
1265056592,AMSF,MEGHAN FINN THERAPY & CONSULTATION,06/02/2020,NA,NA,261QM0850X,261QM0855X,NA,NA,Ambulatory Health Care Facilities,NA,N,NA,NA,Clinic/Center,Adult Mental Health,"1708 washington st,evanston,il 60202,usa",IL,8152360274,06/09/2020
1164040630,SUNSHINE THERAPY PLLC,NA,07/10/2020,NA,NA,261QM0850X,NA,NA,NA,Ambulatory Health Care Facilities,NA,N,NA,NA,Clinic/Center,Adult Mental Health,"3328 n bell ave,chicago,il 60618,usa",IL,7736826133,07/10/2020
1952919003,"PLAYFUL THERAPIST, LLC",NA,07/15/2020,NA,NA,261QM0850X,261QM0855X,NA,NA,Ambulatory Health Care Facilities,NA,N,NA,NA,Clinic/Center,Adult Mental Health,"5700 w giddings st,chicago,il 60630,usa",IL,3126851156,07/15/2020
1265040760,ORCHID COUNSELING CHICAGO,NA,07/21/2020,NA,NA,261QM0850X,NA,NA,NA,Ambulatory Health Care Facilities,NA,N,NA,NA,Clinic/Center,Adult Mental Health,"451 w melrose st.apt 610,chicago,il 60657,usa",IL,7733187482,07/21/2020
1407465883,GLC WELLNESS CENTER ILLINOIS LLC,NA,07/30/2020,NA,NA,261QM0855X,261QM0850X,NA,NA,Ambulatory Health Care Facilities,NA,N,NA,NA,Clinic/Center,Adolescent and Children Mental Health,"7118 s jeffery blvd,chicago,il 60649,usa",IL,3127304355,07/30/2020
1326658402,"VENTURA COUNSELING, LLC",NA,08/04/2020,NA,NA,261QM0850X,NA,NA,NA,Ambulatory Health Care Facilities,NA,N,NA,NA,Clinic/Center,Adult Mental Health,"620 manchest.r ave,westchester,il 60154,usa",IL,3123434414,08/04/2020
1902418650,LILY CENTER CHICAGO L.L.C.,NA,08/22/2020,NA,NA,261QM0850X,NA,NA,NA,Ambulatory Health Care Facilities,NA,N,NA,01,Clinic/Center,Adult Mental Health,"125 s wacker dr st. 300,chicago,il 60606,usa",IL,6303363113,08/22/2020
1508479288,BASH PSYCHOTHERAPY CORPORATION,NA,08/24/2020,NA,NA,261QM0850X,NA,NA,NA,Ambulatory Health Care Facilities,NA,N,NA,NA,Clinic/Center,Adult Mental Health,"413 e berry rd,barrington,il 60010,usa",IL,8475425687,08/24/2020
1801409008,"OBSIDIAN HOLISTIC SERVICES, LLC",NA,08/26/2020,NA,NA,261QM0850X,261QM0855X,NA,NA,Ambulatory Health Care Facilities,NA,N,NA,NA,Clinic/Center,Adult Mental Health,"14741 main st,harvey,il 60426,usa",IL,7084622134,08/26/2020
1760096721,RENA SAUVE LTD,MINDFUL LIVING COUNSELING,09/06/2020,NA,NA,261QM0850X,NA,NA,NA,Ambulatory Health Care Facilities,NA,N,NA,NA,Clinic/Center,Adult Mental Health,"1900 e golf rd.st. 950,schaumburg,il 60173,usa",IL,8474851773,10/18/2020
1750995650,"HUMBOLDT PARK COUNSELING, LLC",NA,09/08/2020,NA,NA,261QM0850X,NA,NA,NA,Ambulatory Health Care Facilities,NA,N,NA,NA,Clinic/Center,Adult Mental Health,"2539 n kedzie blvd st. 4,chicago,il 60647,usa",IL,3126200408,09/08/2020
1902423361,"LIBRA CLINICAL SERVICES, LLC",NA,07/01/2020,NA,NA,261QM0850X,NA,NA,NA,Ambulatory Health Care Facilities,NA,N,NA,NA,Clinic/Center,Adult Mental Health,"328 s 3rd.st,geneva,il 60134,usa",IL,6306429089,07/01/2020
1194336784,"EARTH WATER AIR COUNSELING, LLC",NA,08/16/2020,NA,NA,261QM0850X,NA,NA,NA,Ambulatory Health Care Facilities,NA,N,NA,NA,Clinic/Center,Adult Mental Health,"1161 fortune blvd st. 200,shiloh,il 62269,usa",IL,2172427451,08/24/2020
1750993168,"PROPEL PSYCHOTHERAPY, PLLC",NA,08/18/2020,NA,NA,261QM0850X,NA,NA,NA,Ambulatory Health Care Facilities,NA,N,NA,NA,Clinic/Center,Adult Mental Health,"332 s michigan ave,chicago,il 60604,usa",IL,2409885631,08/18/2020
1013521301,SELF CONNECTED THERAPY LLC,NA,09/03/2020,NA,NA,261QM0850X,NA,NA,NA,Ambulatory Health Care Facilities,NA,N,NA,NA,Clinic/Center,Adult Mental Health,"2189 n. rt. 83,round lake beach,il 60073,usa",IL,8479427849,09/03/2020
1124634852,PROSPER COUNSELING SERVICES,NA,09/17/2020,NA,NA,261QM0850X,261QM0801X,NA,NA,Ambulatory Health Care Facilities,NA,N,NA,NA,Clinic/Center,Adult Mental Health,"808 w junior ter apt 303,chicago,il 60613,usa",IL,5167298863,09/17/2020
1447866710,SCARLETT SOLUTIONS LLC,NA,09/21/2020,NA,NA,261QM0850X,NA,NA,NA,Ambulatory Health Care Facilities,NA,N,NA,NA,Clinic/Center,Adult Mental Health,"1 e erie st,chicago,il 60611,usa",IL,2482502303,09/21/2020
1699372250,CTF ILLINOIS,CTF ILLINOIS -REYNOLDS MH,10/07/2020,NA,NA,261QM0850X,261QM0801X,NA,NA,Ambulatory Health Care Facilities,NA,Y,NA,NA,Clinic/Center,Adult Mental Health,"1400 reynolds dr,charleston,il 61920,usa",IL,7084291260,10/09/2020
1831797141,"CAMELOT CARE CENTERS, LLC",NA,10/09/2020,NA,NA,261QM0855X,NA,NA,NA,Ambulatory Health Care Facilities,NA,Y,NA,NA,Clinic/Center,Adolescent and Children Mental Health,"5301 e st.te st.st. 208,rockford,il 61108,usa",IL,8478497664,10/09/2020
1184223133,"KEVIN P. MCDUNN, PSYD, LLC",NA,10/21/2020,NA,NA,261QM0850X,NA,NA,NA,Ambulatory Health Care Facilities,NA,N,NA,01,Clinic/Center,Adult Mental Health,"605 w madison st.apt 2001,chicago,il 60661,usa",IL,2483960938,10/21/2020
1083215784,BETWEEN HEARTBEATS LLC,NA,11/08/2020,NA,NA,261QM0850X,NA,NA,NA,Ambulatory Health Care Facilities,NA,N,NA,NA,Clinic/Center,Adult Mental Health,"703 lloyd ln,north aurora,il 60542,usa",IL,7738169804,11/09/2020
1710589403,CHARISMA THERAPY ASSOCIATES P LLC,NA,11/09/2020,NA,NA,261QM0850X,NA,NA,NA,Ambulatory Health Care Facilities,NA,N,NA,NA,Clinic/Center,Adult Mental Health,"19624 governors hwy st. 1,flossmoor,il 60422,usa",IL,7085395312,11/09/2020
1841805595,BELLA HEALTH SERVICES LLC,NA,09/10/2020,NA,NA,261QM0850X,261QM0855X,NA,NA,Ambulatory Health Care Facilities,NA,N,NA,05,Clinic/Center,Adult Mental Health,"357 ast.r ct,romeoville,il 60446,usa",IL,8152745202,09/10/2020
1962017665,"HOPEOLOGY, PLLC",NA,09/10/2020,NA,NA,261QM0850X,NA,NA,NA,Ambulatory Health Care Facilities,NA,N,NA,NA,Clinic/Center,Adult Mental Health,"700 e north st.st. b,elburn,il 60119,usa",IL,6302516921,09/10/2020
1528673837,MARGARET STANSBURY LICENSED CLINICAL SOCIAL WORKER LLC,NA,09/14/2020,NA,NA,261QM0850X,NA,NA,NA,Ambulatory Health Care Facilities,NA,N,NA,01,Clinic/Center,Adult Mental Health,"564 w randolph st.fl 2,chicago,il 60661,usa",IL,7739175701,09/14/2020
1548875628,JANICE S BENEDICT PLLC,NA,09/15/2020,NA,NA,261QM0855X,261QM0850X,NA,NA,Ambulatory Health Care Facilities,NA,N,NA,NA,Clinic/Center,Adolescent and Children Mental Health,"6975 redansa dr,rockford,il 61108,usa",IL,8153998040,02/03/2021
1891393781,"CAMELOT CARE CENTERS, LLC",NA,10/13/2020,NA,NA,261QM0855X,NA,NA,NA,Ambulatory Health Care Facilities,NA,Y,NA,NA,Clinic/Center,Adolescent and Children Mental Health,"34121 north route 45 suite 207,grayslake,il 60030,usa",IL,8478497664,10/13/2020
1215535786,"CAMELOT CARE CENTERS, LLC",NA,10/15/2020,NA,NA,261QM0855X,NA,NA,NA,Ambulatory Health Care Facilities,NA,Y,NA,NA,Clinic/Center,Adolescent and Children Mental Health,"2396 w nebraska ave,peoria,il 61604,usa",IL,8478497664,10/15/2020
1093313553,"CAMELOT CARE CENTERS, LLC",NA,10/15/2020,NA,NA,261QM0855X,NA,NA,NA,Ambulatory Health Care Facilities,NA,Y,NA,NA,Clinic/Center,Adolescent and Children Mental Health,"333 w pierce rd.st. 175,itasca,il 60143,usa",IL,8478497664,10/15/2020
1538767090,"CAMELOT CARE CENTERS, LLC",NA,10/15/2020,NA,NA,261QM0855X,NA,NA,NA,Ambulatory Health Care Facilities,NA,Y,NA,NA,Clinic/Center,Adolescent and Children Mental Health,"2144 s macarthur blvd,springfield,il 62704,usa",IL,8478497664,10/15/2020
1740888205,"CAMELOT CARE CENTERS, LLC",NA,10/15/2020,NA,NA,261QM0855X,NA,NA,NA,Ambulatory Health Care Facilities,NA,Y,NA,NA,Clinic/Center,Adolescent and Children Mental Health,"4747 lincoln mall dr st. 305,matteson,il 60443,usa",IL,8478497664,10/15/2020
1245831569,CHICAGO PSYCHIATRIC LLC,NA,11/03/2020,NA,NA,261QM0850X,NA,NA,NA,Ambulatory Health Care Facilities,NA,N,NA,NA,Clinic/Center,Adult Mental Health,"800 w cornelia ave apt 303,chicago,il 60657,usa",IL,3126129667,11/03/2020
1871198044,PATRICIA NOLAN LCSW LLC,NA,12/03/2020,NA,NA,261QM0850X,NA,NA,NA,Ambulatory Health Care Facilities,NA,N,NA,NA,Clinic/Center,Adult Mental Health,"400 vine st,wilmette,il 60091,usa",IL,3129537807,12/03/2020
1508461898,KRISTA TYNER THERAPY LLC,NA,12/03/2020,NA,NA,261QM0850X,NA,NA,NA,Ambulatory Health Care Facilities,NA,N,NA,NA,Clinic/Center,Adult Mental Health,"4132 n lawndale ave # 2,chicago,il 60618,usa",IL,3124450774,12/03/2020
1407443641,"ASK US COUNSELING SERVICES, LLC.",NA,12/22/2020,NA,NA,261QM0855X,NA,NA,NA,Ambulatory Health Care Facilities,NA,N,NA,NA,Clinic/Center,Adolescent and Children Mental Health,"1305 wiley rd.st. 131,schaumburg,il 60173,usa",IL,4788544333,12/22/2020
1639766868,"ASK US COUNSELING SERVICES, LLC.",NA,12/22/2020,NA,NA,261QM0855X,NA,NA,NA,Ambulatory Health Care Facilities,NA,N,NA,NA,Clinic/Center,Adolescent and Children Mental Health,"9241 s il route 31,lake in the hills,il 60156,usa",IL,4788544333,12/22/2020
1336736560,"ASK US COUNSELING SERVICES, LLC",NA,12/22/2020,NA,NA,261QM0855X,NA,NA,NA,Ambulatory Health Care Facilities,NA,N,NA,NA,Clinic/Center,Adolescent and Children Mental Health,"29w170 butterfield rd,warrenville,il 60555,usa",IL,4788544333,12/22/2020
1316534340,FIND YOUR VOICE COUNSELING & CONSULTATION PLLC,NA,12/23/2020,NA,NA,261QM0850X,101YP2500X,NA,NA,Ambulatory Health Care Facilities,NA,N,NA,NA,Clinic/Center,Adult Mental Health,"5113 s harper ave st. 2c,chicago,il 60615,usa",IL,2244072763,01/12/2021
1144817909,JR COUNSELING SERVICES INC,NA,12/28/2020,NA,NA,261QM0850X,NA,NA,NA,Ambulatory Health Care Facilities,NA,N,NA,NA,Clinic/Center,Adult Mental Health,"82 s la grange rd.st. 210,la grange,il 60525,usa",IL,7089961294,12/28/2020
1790372373,"ARIN STONE, PSYD, PLLC",NA,12/29/2020,NA,NA,261QM0855X,261QM0801X,NA,NA,Ambulatory Health Care Facilities,NA,N,NA,NA,Clinic/Center,Adolescent and Children Mental Health,"200 s michigan ave st. 201,chicago,il 60604,usa",IL,7733834947,12/29/2020
1386233591,"FEEL GOOD COUNSELING CENTER, LLC",NA,01/12/2021,NA,NA,261QM0855X,261QM0850X,NA,NA,Ambulatory Health Care Facilities,NA,N,NA,NA,Clinic/Center,Adolescent and Children Mental Health,"111 lions dr st. 207,barrington,il 60010,usa",IL,7732807408,01/12/2021
1508455361,HUMANS AT HELP FOUNDATION,NA,01/15/2021,NA,NA,261QM0850X,261QM0855X,NA,NA,Ambulatory Health Care Facilities,NA,N,NA,NA,Clinic/Center,Adult Mental Health,"6424 n artesian ave,chicago,il 60645,usa",IL,7738527866,01/15/2021
1093318438,CENTERED COUNSELING,NA,11/18/2020,NA,NA,261QM0850X,NA,NA,NA,Ambulatory Health Care Facilities,NA,N,NA,NA,Clinic/Center,Adult Mental Health,"1153 lee st.st. 194,des plaines,il 60016,usa",IL,8159155198,11/18/2020
1902402373,NEW LIFE OPTIONS COUNSELING SERVICES LLC,NA,12/09/2020,NA,NA,261QM0850X,NA,NA,NA,Ambulatory Health Care Facilities,NA,N,NA,NA,Clinic/Center,Adult Mental Health,"205 s park st.st. 3,streator,il 61364,usa",IL,8156721802,12/09/2020
1831785054,"HOPE AND HEALING WELLNESS SERVICES, LLC",NA,12/13/2020,NA,NA,261QM0855X,261QM0850X,NA,NA,Ambulatory Health Care Facilities,NA,N,NA,NA,Clinic/Center,Adolescent and Children Mental Health,"21309 gray hawk dr,matteson,il 60443,usa",IL,7738414368,12/13/2020
1427018209,JEWISH CHILD AND FAMILY SERVICES,JEWISH CHILDREN'S BUREAU OF CHICAGO,03/24/2006,NA,NA,261QM0850X,261Q00000X,NA,NA,Ambulatory Health Care Facilities,NA,N,NA,NA,Clinic/Center,Adult Mental Health,"216 w jackson blvd st. 700,chicago,il 60606,usa",IL,3123574800,02/18/2010
1821051608,ALLENDALE ASSOCIATION,NA,04/11/2006,NA,NA,261QM0855X,261QM0850X,001300-10,NA,Ambulatory Health Care Facilities,NA,N,NA,NA,Clinic/Center,Adolescent and Children Mental Health,"grand ave. and offield dr.,lake villa,il 60046,usa",IL,8472456214,11/02/2016
1285680827,"DAVID R. MILLER, LTD.",NA,05/25/2006,NA,NA,261QM0850X,NA,NA,NA,Ambulatory Health Care Facilities,NA,N,NA,NA,Clinic/Center,Adult Mental Health,"310 banbury rd,north aurora,il 60542,usa",IL,7732611200,08/22/2020
1609822147,THE BOARD OF TRUSTEES OF THE UNIVERSITY OF ILLINOIS,DEPARTMENT OF PSYCHIATRY,05/26/2006,NA,NA,261QM0855X,261QM0850X,NA,NA,Ambulatory Health Care Facilities,NA,N,NA,01,Clinic/Center,Adolescent and Children Mental Health,"912 s wood st,chicago,il 60612,usa",IL,3124133783,12/07/2015
1043266471,OYETUNDE LTD,NA,05/26/2006,NA,NA,261QM0850X,NA,NA,NA,Ambulatory Health Care Facilities,NA,N,NA,NA,Clinic/Center,Adult Mental Health,"2901 w 159th st,markham,il 60428,usa",IL,7732611200,08/22/2020
1932155066,KING I LTD,NA,05/26/2006,NA,NA,261QM0850X,NA,NA,NA,Ambulatory Health Care Facilities,NA,N,NA,NA,Clinic/Center,Adult Mental Health,"5301 w madison st,chicago,il 60644,usa",IL,7732611200,08/22/2020
1861434177,DYNAMICS OF LIFE,NA,06/12/2006,NA,NA,261QM0850X,NA,NA,NA,Ambulatory Health Care Facilities,NA,N,NA,NA,Clinic/Center,Adult Mental Health,"14618 lincoln ave,harvey,il 60426,usa",IL,7085965405,08/22/2020
1275123861,"THAT THERAPY PLACE, LLC",NA,01/19/2021,NA,NA,261QM0850X,NA,NA,NA,Ambulatory Health Care Facilities,NA,N,NA,NA,Clinic/Center,Adult Mental Health,"300 e war memorial dr st. 201a,peoria,il 61614,usa",IL,3094312012,01/19/2021
1548852072,GLENKIRK,NA,02/05/2021,NA,NA,261QM0850X,NA,NA,NA,Ambulatory Health Care Facilities,NA,N,NA,NA,Clinic/Center,Adult Mental Health,"3504 commercial ave,northbrook,il 60062,usa",IL,8472725111,02/05/2021
1972567709,JUVENILE PROTECTIVE ASSOCIATION,NA,04/17/2006,NA,NA,261QM0855X,NA,NA,NA,Ambulatory Health Care Facilities,NA,N,NA,NA,Clinic/Center,Adolescent and Children Mental Health,"1707 n halst.d st,chicago,il 60614,usa",IL,3126986940,08/22/2020
1801841176,ESTER M. PIMENTEL LTD,NA,05/24/2006,NA,NA,261QM0850X,NA,NA,NA,Ambulatory Health Care Facilities,NA,N,NA,NA,Clinic/Center,Adult Mental Health,"5301 w madison st,chicago,il 60644,usa",IL,7732611200,08/22/2020
1770527905,"J. COLBY MARTIN, PH.D., P.C.",NA,06/16/2006,NA,NA,261QM0850X,NA,NA,NA,Ambulatory Health Care Facilities,NA,N,NA,NA,Clinic/Center,Adult Mental Health,"29 s webst.r st,naperville,il 60540,usa",IL,6303559933,08/22/2020
1154357796,ARTHUR S WEINFELD & ASSOC PC,NA,06/24/2006,NA,NA,261QM0850X,NA,721414,NA,Ambulatory Health Care Facilities,NA,N,NA,NA,Clinic/Center,Adult Mental Health,"22 lancast.r ln,lincolnshire,il 60069,usa",IL,8472595112,02/18/2009
1851315402,LAKE COUNTY CHILD ADOLESCENT BEHAVIORAL SERVICES,NA,07/27/2006,NA,NA,261QM0855X,NA,=========029,NA,Ambulatory Health Care Facilities,NA,N,NA,NA,Clinic/Center,Adolescent and Children Mental Health,"820 w greenwood ave,waukegan,il 60087,usa",IL,8473778180,08/22/2020
1114010790,S OKAI LTD,NA,10/02/2006,NA,NA,261QM0850X,NA,NA,NA,Ambulatory Health Care Facilities,NA,N,NA,NA,Clinic/Center,Adult Mental Health,"4639 w washington st,chicago,il 60644,usa",IL,7732611200,08/22/2020
1932251600,MARY C. MILLER MD PC,NA,01/16/2007,NA,NA,261QM0850X,NA,NA,NA,Ambulatory Health Care Facilities,NA,N,NA,NA,Clinic/Center,Adult Mental Health,"2628 brd.way st,quincy,il 62301,usa",IL,2172241744,08/22/2020
1528186038,BENJAMIN OKAI LTD.,NA,03/26/2007,NA,NA,261QM0850X,NA,NA,NA,Ambulatory Health Care Facilities,NA,N,NA,01,Clinic/Center,Adult Mental Health,"5301 w madison st,chicago,il 60644,usa",IL,7732611200,08/22/2020
1003939828,"ADRIENNE ADAMS MD AND ASSOCIATES, INC",NA,04/08/2007,NA,NA,261QM0855X,NA,NA,NA,Ambulatory Health Care Facilities,NA,N,NA,NA,Clinic/Center,Adolescent and Children Mental Health,"1979 n mill st,naperville,il 60563,usa",IL,6304207660,08/22/2020
1780786673,"WHOLISTIC, INC.",NA,09/02/2006,NA,NA,261QM0850X,NA,NA,NA,Ambulatory Health Care Facilities,NA,N,NA,NA,Clinic/Center,Adult Mental Health,"1724 e 71st.st,chicago,il 60649,usa",IL,7739478117,08/22/2020
1164510269,THE INSIGHT CENTER LTD,NA,10/11/2006,NA,NA,261QM0850X,NA,NA,NA,Ambulatory Health Care Facilities,NA,N,NA,NA,Clinic/Center,Adult Mental Health,"122 south michigan avenue,chicago,il 60603,usa",IL,3127869772,10/08/2019
1861575037,L BARNES LTD,NA,10/23/2006,NA,NA,261QM0850X,NA,NA,NA,Ambulatory Health Care Facilities,NA,N,NA,NA,Clinic/Center,Adult Mental Health,"2901 w 159th st,markham,il 60428,usa",IL,7732611200,08/22/2020
1730258773,HORIZON FRANK PARKER INC,NA,11/06/2006,NA,NA,261QM0850X,NA,NA,NA,Ambulatory Health Care Facilities,NA,N,NA,NA,Clinic/Center,Adult Mental Health,"4403 w lawrence ave,chicago,il 60630,usa",IL,7737364444,08/22/2020
1851464804,HORIZON MOON LTD,NA,11/16/2006,NA,NA,261QM0850X,NA,NA,NA,Ambulatory Health Care Facilities,NA,N,NA,NA,Clinic/Center,Adult Mental Health,"4403 w lawrence ave,chicago,il 60630,usa",IL,7737364444,08/22/2020
1598820300,"FAMILY SERVICE AGENCY OF DEKALB COUNTY, INC.",CENTER FOR COUNSELING,12/22/2006,NA,NA,261QM0850X,261QM0855X,NA,NA,Ambulatory Health Care Facilities,NA,N,NA,NA,Clinic/Center,Adult Mental Health,"14 health services drive,dekalb,il 60115,usa",IL,8157588616,07/02/2013
1932264207,GREGORY MALO PSYD & ASSOCIATES IN NEUROPSYCHOLOGY PC,NA,12/26/2006,NA,NA,261QM0850X,NA,071002647,NA,Ambulatory Health Care Facilities,NA,N,NA,NA,Clinic/Center,Adult Mental Health,"246 e janata blvd,lombard,il 60148,usa",IL,6304248900,03/03/2014
1225254923,"JEFFREY A. SEIDEN, PSY.D., LLC.",NA,04/18/2007,NA,NA,261QM0850X,NA,71006154,NA,Ambulatory Health Care Facilities,NA,N,NA,NA,Clinic/Center,Adult Mental Health,"122 s michigan ave,chicago,il 60603,usa",IL,3128800228,08/22/2020
1093927402,HORIZON SANDRA LTD,NA,05/06/2007,NA,NA,261QM0850X,NA,NA,NA,Ambulatory Health Care Facilities,NA,N,NA,NA,Clinic/Center,Adult Mental Health,"4403 w lawrence ave apt 209,chicago,il 60630,usa",IL,7737364444,08/22/2020
1447461587,"KIDS' CORNERSTONE, LLC- A COUNSELING CENTER",NA,05/24/2007,NA,NA,261QM0855X,NA,180.006328,NA,Ambulatory Health Care Facilities,NA,N,NA,NA,Clinic/Center,Adolescent and Children Mental Health,"1257 e walnut st,carbondale,il 62901,usa",IL,6183519700,03/03/2015
1497945547,HORIZON BARNES LTD,NA,07/25/2007,NA,NA,261QM0850X,NA,NA,NA,Ambulatory Health Care Facilities,NA,N,NA,NA,Clinic/Center,Adult Mental Health,"4403 w lawrence ave,chicago,il 60630,usa",IL,7737364444,07/25/2007
1437343258,SAROJ GULANI LTD,NA,09/05/2007,NA,NA,261QM0850X,NA,NA,NA,Ambulatory Health Care Facilities,NA,N,NA,NA,Clinic/Center,Adult Mental Health,"1300 10th st,waukegan,il 60085,usa",IL,6307060260,09/05/2007
1790973931,HORIZON CHANCE-LAWSON LTD.,NA,10/12/2007,NA,NA,261QM0850X,NA,NA,NA,Ambulatory Health Care Facilities,NA,N,NA,NA,Clinic/Center,Adult Mental Health,"4403 w lawrence ave,chicago,il 60630,usa",IL,7737364444,10/12/2007
1154510279,INNER BALANCE PSYCHOTHERAPY SERVICES LTD,NA,10/15/2007,NA,NA,261QM0850X,NA,NA,NA,Ambulatory Health Care Facilities,NA,N,NA,NA,Clinic/Center,Adult Mental Health,"561 w diversey pkwy,chicago,il 60614,usa",IL,7732449620,01/12/2014
1336329663,KAREN PIERCE MDPC,NA,11/03/2007,NA,NA,261QM0855X,NA,36067348,NA,Ambulatory Health Care Facilities,NA,N,NA,NA,Clinic/Center,Adolescent and Children Mental Health,"2634 n dayton st,chicago,il 60614,usa",IL,7735251218,11/03/2007
1306027412,"ROSE GOMEZ, M.D.,P.C.",NA,11/16/2007,NA,NA,261QM0855X,NA,36056870,NA,Ambulatory Health Care Facilities,NA,Y,NA,01,Clinic/Center,Adolescent and Children Mental Health,"7600 w college dr,palos heights,il 60463,usa",IL,7083611616,03/27/2008
1528241981,HORIZON JENNETTE LTD,NA,12/07/2007,NA,NA,261QM0850X,NA,NA,NA,Ambulatory Health Care Facilities,NA,N,NA,NA,Clinic/Center,Adult Mental Health,"4403 w lawrence ave,chicago,il 60630,usa",IL,7737364444,12/07/2007
1245403542,"DAVID KOPACZ, M.D.",NA,04/08/2008,NA,NA,261QM0850X,NA,NA,NA,Ambulatory Health Care Facilities,NA,N,NA,NA,Clinic/Center,Adult Mental Health,"209 w university ave,champaign,il 61820,usa",IL,2173632891,04/08/2008
1811163587,JOYOUS YEARS ADULT DAY PROGRAM LTD,NA,05/02/2008,NA,NA,261QM0850X,NA,036100650,NA,Ambulatory Health Care Facilities,NA,N,NA,01,Clinic/Center,Adult Mental Health,"1310 e 75th st,chicago,il 60619,usa",IL,7734930222,05/05/2008
1912174848,HORIZON HAHN LTD.,NA,05/09/2008,NA,NA,261QM0850X,NA,036116269,NA,Ambulatory Health Care Facilities,NA,N,NA,NA,Clinic/Center,Adult Mental Health,"4403 w lawrence ave,chicago,il 60630,usa",IL,7737364444,05/09/2008
1548429202,DR ELISA SCOTT LTD,NA,06/06/2008,NA,NA,261QM0850X,NA,NA,NA,Ambulatory Health Care Facilities,NA,N,NA,01,Clinic/Center,Adult Mental Health,"4403 w lawrence ave,chicago,il 60630,usa",IL,7737361555,06/06/2008
1063671824,DR SELMA ARAIN LTD,NA,06/06/2008,NA,NA,261QM0850X,NA,NA,NA,Ambulatory Health Care Facilities,NA,N,NA,05,Clinic/Center,Adult Mental Health,"4403 w lawrence ave,chicago,il 60630,usa",IL,7737361555,06/06/2008
1174747075,ADVOCATE HEALTH AND HOSPITALS CORPORATION,ADVOCATE FAMILY CARE NETWORK,04/12/2007,NA,NA,261QM0850X,261QM0855X,NA,NA,Ambulatory Health Care Facilities,NA,N,NA,NA,Clinic/Center,Adult Mental Health,"4700 w 95th st,oak lawn,il 60453,usa",IL,8002161110,10/27/2008
1700090271,"SUJATHA GOVINDAIAH, M.D., S.C.",NA,05/10/2007,NA,NA,261QM0850X,NA,NA,NA,Ambulatory Health Care Facilities,NA,N,NA,05,Clinic/Center,Adult Mental Health,"4366 kennedy dr,east moline,il 61244,usa",IL,3097961512,02/28/2008
1982892832,"CYNTHIA A. DOPKE, PH.D., P.C.",NA,10/04/2007,NA,NA,261QM0850X,NA,060008747,NA,Ambulatory Health Care Facilities,NA,N,NA,NA,Clinic/Center,Adult Mental Health,"233 e erie st,chicago,il 60611,usa",IL,3126490854,10/04/2007
1134301815,"SELF EMPOWERMENT CENTER, P.C.",NA,12/04/2007,NA,NA,261QM0850X,261QM0855X,071-005466,071-005466,Ambulatory Health Care Facilities,NA,N,NA,01,Clinic/Center,Adult Mental Health,"1751 s naperville rd,wheaton,il 60189,usa",IL,6307748316,09/02/2008
1801073986,HORIZON ABU LTD,NA,01/30/2008,NA,NA,261QM0850X,NA,NA,NA,Ambulatory Health Care Facilities,NA,N,NA,NA,Clinic/Center,Adult Mental Health,"4403 w lawrence ave,chicago,il 60630,usa",IL,7737364444,01/30/2008
1679748222,"MAREK WALCZYK MD,SC",NA,04/24/2008,NA,NA,261QM0850X,NA,036107779,NA,Ambulatory Health Care Facilities,NA,N,NA,05,Clinic/Center,Adult Mental Health,"1820 ridge rd,homewood,il 60430,usa",IL,7086477550,04/24/2008
1588839260,"BEVERLY BEHAVIORAL HEALTH, LTD",NA,04/24/2008,NA,NA,261QM0850X,NA,060-009832,NA,Ambulatory Health Care Facilities,NA,N,NA,NA,Clinic/Center,Adult Mental Health,"9933 s west.rn ave,chicago,il 60643,usa",IL,7737799700,04/30/2009
1861659435,"BROOKS W. WILKINSON, M.D., LTD",NA,05/20/2008,NA,NA,261QM0850X,NA,036081963,NA,Ambulatory Health Care Facilities,NA,N,NA,05,Clinic/Center,Adult Mental Health,"30 n michigan ave,chicago,il 60602,usa",IL,3125411571,05/20/2008
1316105950,DR DANTE PIMENTEL LTD,NA,05/30/2008,NA,NA,261QM0850X,NA,036111599,NA,Ambulatory Health Care Facilities,NA,N,NA,05,Clinic/Center,Adult Mental Health,"4403 w lawrence ave,chicago,il 60630,usa",IL,7737361555,05/30/2008
1023279536,DR RITA MCGUIRE LTD,NA,06/18/2008,NA,NA,261QM0850X,NA,NA,NA,Ambulatory Health Care Facilities,NA,N,NA,05,Clinic/Center,Adult Mental Health,"4403 w lawrence ave,chicago,il 60630,usa",IL,7737361555,06/18/2008
1992968564,DR RAJ LTD,NA,07/03/2008,NA,NA,261QM0850X,NA,NA,NA,Ambulatory Health Care Facilities,NA,N,NA,05,Clinic/Center,Adult Mental Health,"4403 w lawrence ave,chicago,il 60630,usa",IL,7737361555,09/16/2008
1770744856,"DR.SAMER ABUBAKR, LTD.",NA,06/20/2008,NA,NA,261QM0850X,NA,NA,NA,Ambulatory Health Care Facilities,NA,N,NA,01,Clinic/Center,Adult Mental Health,"4403 w lawrence ave,chicago,il 60630,usa",IL,7737361555,06/20/2008
1417112954,MAREK WALCZYK MD SC,NA,07/24/2008,NA,NA,261QM0850X,NA,NA,NA,Ambulatory Health Care Facilities,NA,N,NA,01,Clinic/Center,Adult Mental Health,"1300 higgins rd,park ridge,il 60068,usa",IL,7082248840,07/24/2008
1629234398,HORIZON HOWARD LTD,NA,08/01/2008,NA,NA,261QM0850X,NA,036052124,NA,Ambulatory Health Care Facilities,NA,N,NA,NA,Clinic/Center,Adult Mental Health,"4403 w lawrence ave,chicago,il 60630,usa",IL,7737364444,08/01/2008
1871759209,"HENRY LAHMEYER, MD, SC",NA,08/05/2008,NA,NA,261QM0850X,NA,036050377,NA,Ambulatory Health Care Facilities,NA,N,NA,NA,Clinic/Center,Adult Mental Health,"465 central ave,northfield,il 60093,usa",IL,8474463531,08/05/2008
1952551756,RUSH NEUROBEHAVIORAL CENTER,NA,09/29/2008,NA,NA,261QM0855X,NA,036079515,NA,Ambulatory Health Care Facilities,NA,N,NA,NA,Clinic/Center,Adolescent and Children Mental Health,"4711 golf rd,skokie,il 60076,usa",IL,8479339339,09/29/2008
1245483940,DR JACQUELINE BARDWELL LTD,NA,10/28/2008,NA,NA,261QM0850X,NA,NA,NA,Ambulatory Health Care Facilities,NA,N,NA,05,Clinic/Center,Adult Mental Health,"4403 w lawrence ave,chicago,il 60630,usa",IL,7737361555,10/28/2008
1457505125,MENTAL HEALTH CENTERS OF CENTRAL ILLINOIS,MEMORIAL BEHAVIORAL HEALTH - SPRINGFIELD CHILDREN'S CENTER,11/07/2008,NA,NA,261QM0855X,NA,NA,NA,Ambulatory Health Care Facilities,NA,Y,NA,NA,Clinic/Center,Adolescent and Children Mental Health,"5220 s 6th st. rd,springfield,il 62703,usa",IL,2175251064,03/18/2016
1962656538,"SWEENEY, AUGUSTIN AND ASSOCIATES",NA,11/10/2008,NA,NA,261QM0855X,261QH0700X,149.000919,146-003351,Ambulatory Health Care Facilities,NA,N,NA,NA,Clinic/Center,Adolescent and Children Mental Health,"5225 old orchard.rd,skokie,il 60077,usa",IL,8475839492,11/10/2008
1922253947,THE CHILDREN'S CENTER - MEDICAL SERVICES,NA,11/18/2008,NA,NA,261QM0855X,NA,NA,NA,Ambulatory Health Care Facilities,NA,Y,NA,NA,Clinic/Center,Adolescent and Children Mental Health,"5220 s 6th st. rd,springfield,il 62703,usa",IL,2175251064,11/18/2008
1164667069,DR ROSSER LTD,NA,12/05/2008,NA,NA,261QM0850X,NA,NA,NA,Ambulatory Health Care Facilities,NA,N,NA,05,Clinic/Center,Adult Mental Health,"6362 n winthrop ave,chicago,il 60660,usa",IL,7737361555,12/05/2008
1083860522,"DR. WILLIAM CAMPBELL, LTD.",NA,08/15/2008,NA,NA,261QM0850X,NA,NA,NA,Ambulatory Health Care Facilities,NA,N,NA,05,Clinic/Center,Adult Mental Health,"4403 w lawrence ave,chicago,il 60630,usa",IL,7737361555,08/15/2008
1467605816,"VASSILIKI E. TOULIOS, M.D., LTD.",NA,10/29/2008,NA,NA,261QM0850X,NA,036.046377,NA,Ambulatory Health Care Facilities,NA,N,NA,05,Clinic/Center,Adult Mental Health,"263 n york rd,elmhurst,il 60126,usa",IL,6305307060,10/29/2008
1568617454,"LAURIE MARINGER, LCSW INC",NA,11/19/2008,NA,NA,261QM0850X,NA,149011530,NA,Ambulatory Health Care Facilities,NA,N,NA,NA,Clinic/Center,Adult Mental Health,"1106 logan ave,belvidere,il 61008,usa",IL,3128041971,04/27/2014
1194963082,CHARLES C. ANDERSON ED.D REG PSY,NA,01/30/2009,NA,NA,261QM0850X,NA,071.002741,NA,Ambulatory Health Care Facilities,NA,N,NA,NA,Clinic/Center,Adult Mental Health,"2030 n magnolia ave,chicago,il 60614,usa",IL,8473981717,01/30/2009
1568603652,ALLISON KURZMAN MD LLC,NA,03/18/2009,NA,NA,261QM0850X,NA,036112044,NA,Ambulatory Health Care Facilities,NA,N,NA,NA,Clinic/Center,Adult Mental Health,"1 e erie st,chicago,il 60611,usa",IL,3125028024,03/18/2009
1306072442,DR GREEN LTD,NA,06/03/2009,NA,NA,261QM0850X,NA,036103929,NA,Ambulatory Health Care Facilities,NA,N,NA,05,Clinic/Center,Adult Mental Health,"4403 w lawrence ave,chicago,il 60630,usa",IL,7738143202,06/03/2009
1669708210,BETHANY HOMES AND METHODIST HOSPITAL,METHODIST HOSPITAL OF CHICAGO,11/02/2009,NA,NA,261QM0850X,NA,NA,NA,Ambulatory Health Care Facilities,NA,N,NA,NA,Clinic/Center,Adult Mental Health,"5009 n sheridan rd,chicago,il 60640,usa",IL,7739891465,11/02/2009
1851628408,THE BALDWIN CENTER FOR PSYCHOLOGICAL SERVICES,NA,11/03/2009,NA,NA,261QM0850X,NA,071-003162,NA,Ambulatory Health Care Facilities,NA,N,NA,NA,Clinic/Center,Adult Mental Health,"2215 lakeside dr,bannockburn,il 60015,usa",IL,8472951600,11/03/2009
1881922284,"MARCIA S. GIBSON, PSY.D AND ASSOCIATES, P. C..",NA,11/23/2009,NA,NA,261QM0850X,261QM0855X,071007322,071007322,Ambulatory Health Care Facilities,NA,N,NA,01,Clinic/Center,Adult Mental Health,"404 w boughton rd.st. b,bolingbrook,il 60440,usa",IL,6307594000,04/20/2016
1265760409,PIMENTEL LTD,NA,11/30/2009,NA,NA,261QM0850X,NA,NA,NA,Ambulatory Health Care Facilities,NA,N,NA,05,Clinic/Center,Adult Mental Health,"321 lake gillilan way,algonquin,il 60102,usa",IL,6307887576,11/30/2009
1558690628,LOYOLA UNIVERSITY SCHOOL OF NURSING - SCHOOL-BASED HEALTH CENTER,NA,12/18/2009,NA,NA,261QM0855X,261QP2300X,NA,NA,Ambulatory Health Care Facilities,NA,Y,NA,NA,Clinic/Center,Adolescent and Children Mental Health,"807 south first.avenue,maywood,il 60153,usa",IL,7082163670,12/18/2009
1811134182,YOUKHANA LTD,NA,01/08/2009,NA,NA,261QM0850X,NA,036112171,NA,Ambulatory Health Care Facilities,NA,N,NA,NA,Clinic/Center,Adult Mental Health,"4403 w lawrence ave,chicago,il 60630,usa",IL,7737364444,01/08/2009
1568609105,"DIANA BELIARD, PH.D.; P.C.","DIANA BELIARD, PH.D.; P.C.",01/20/2009,NA,NA,261QM0850X,NA,NA,NA,Ambulatory Health Care Facilities,NA,Y,NA,NA,Clinic/Center,Adult Mental Health,"2530 crawford.ave,evanston,il 60201,usa",IL,8473289566,01/20/2009
1649418518,"DONNA LETTIERI-MARKS, PSY.D., LTD",NA,01/29/2009,NA,NA,261QM0850X,NA,071-005423,NA,Ambulatory Health Care Facilities,NA,N,NA,01,Clinic/Center,Adult Mental Health,"55 s main st,naperville,il 60540,usa",IL,6309046610,01/29/2009
1376770875,SAGE NEUROPSYCHOLOGY CONSULTANTS,NA,06/11/2009,NA,NA,261QM0850X,NA,071007471,NA,Ambulatory Health Care Facilities,NA,N,NA,NA,Clinic/Center,Adult Mental Health,"137 n oak park ave,oak park,il 60301,usa",IL,7084341264,06/11/2009
1487883054,"MELAMPUS, LTD",NA,07/04/2009,NA,NA,261QM0850X,NA,036035290,NA,Ambulatory Health Care Facilities,NA,N,NA,NA,Clinic/Center,Adult Mental Health,"277 sylvan rd,glencoe,il 60022,usa",IL,8478350277,07/04/2009
1457580037,"JOANNA BURG TOZEWSKI, LLC",NA,07/05/2009,NA,NA,261QM0850X,NA,071005730,NA,Ambulatory Health Care Facilities,NA,N,NA,NA,Clinic/Center,Adult Mental Health,"25 e washington st,chicago,il 60602,usa",IL,3128636393,07/05/2009
1942534763,MULTICULTURAL PSYCHOLOGY SOLUTIONS PC,NA,09/25/2009,NA,NA,261QM0850X,NA,071007321,NA,Ambulatory Health Care Facilities,NA,N,NA,NA,Clinic/Center,Adult Mental Health,"405 n wabash ave,chicago,il 60611,usa",IL,7736360846,05/20/2010
1184958811,ERIE FAMILY HEALTH,NA,09/29/2009,NA,NA,261QM0855X,NA,180-003431,NA,Ambulatory Health Care Facilities,NA,N,NA,NA,Clinic/Center,Adolescent and Children Mental Health,"1701 w superior st,chicago,il 60622,usa",IL,3126663494,09/29/2009
1154655637,"THE FAMILY RECOVERY CENTERS, LLC","THE CHILD, ADOLESCENT AND FAMILY RECOVERY CENTER",09/30/2009,NA,NA,261QM0855X,NA,A-4641-0002-A,NA,Ambulatory Health Care Facilities,NA,N,NA,NA,Clinic/Center,Adolescent and Children Mental Health,"900 north shore dr st. 140,lake bluff,il 60044,usa",IL,8474576703,09/25/2017
1003147232,"DALE W. FABER, LCSW, P.C.",NA,01/28/2010,NA,NA,261QM0855X,261QM0850X,149-008480,149-008480,Ambulatory Health Care Facilities,NA,N,NA,01,Clinic/Center,Adolescent and Children Mental Health,"1035 grove st,downers grove,il 60515,usa",IL,6309264873,07/09/2013
1154646503,"THE DEPRESSION CLINIC OF CHICAGO, LLC",NA,03/29/2010,NA,NA,261QM0850X,NA,NA,NA,Ambulatory Health Care Facilities,NA,N,NA,NA,Clinic/Center,Adult Mental Health,"10024 skokie blvd,skokie,il 60077,usa",IL,8474204552,03/29/2010
1760707947,KIDS ABOVE ALL,NA,03/31/2010,NA,NA,261QM0855X,261QM0801X,NA,NA,Ambulatory Health Care Facilities,NA,N,NA,NA,Clinic/Center,Adolescent and Children Mental Health,"3753 s cottage grove ave,chicago,il 60653,usa",IL,7732398940,06/22/2020
1922326875,"ROCK RIVER VALLEY MENTAL HEALTH, LLC",NA,05/16/2010,NA,NA,261QM0855X,261QM0850X,071.007278,071.007278,Ambulatory Health Care Facilities,NA,N,NA,NA,Clinic/Center,Adolescent and Children Mental Health,"631 willett ave,dixon,il 61021,usa",IL,8152846111,03/01/2012
1609172964,ELENA FRANKFURT MD PC,NA,02/03/2011,NA,NA,261QM0850X,261QM0801X,036-091674,036-091674,Ambulatory Health Care Facilities,NA,N,NA,NA,Clinic/Center,Adult Mental Health,"977 lakeview pkwy st. 165,vernon hills,il 60061,usa",IL,8472471555,07/18/2011
1871892828,DR MELISSA SHARP AND ASSOCIATES LTD,NA,03/16/2011,NA,NA,261QM0855X,261QM0850X,071006672,071006672,Ambulatory Health Care Facilities,NA,N,NA,NA,Clinic/Center,Adolescent and Children Mental Health,"1121 e main st,saint charles,il 60174,usa",IL,6307776333,04/14/2011
1821387119,JEWISH CHILD AND FAMILY SERVICES,NA,04/07/2011,NA,NA,261QM0855X,261QM0801X,NA,NA,Ambulatory Health Care Facilities,NA,Y,NA,NA,Clinic/Center,Adolescent and Children Mental Health,"3145 w pratt blvd,chicago,il 60645,usa",IL,3123574800,11/13/2018
1538459268,"LORI AITKEN, LCPC",NA,04/14/2011,NA,NA,261QM0850X,NA,180002521,NA,Ambulatory Health Care Facilities,NA,N,NA,01,Clinic/Center,Adult Mental Health,"1818 dempst.r st,evanston,il 60202,usa",IL,8472177836,04/14/2011
1659661262,"CENTER FOR NEW PATHWAYS, PC",NA,04/15/2011,NA,NA,261QM0850X,261QM0855X,NA,NA,Ambulatory Health Care Facilities,NA,N,NA,NA,Clinic/Center,Adult Mental Health,"830 e higgins rd.st. 112,schaumburg,il 60173,usa",IL,8475925588,07/10/2020
1144515156,COMPASS HEALTH CENTER LLC,NA,06/17/2011,NA,NA,261QM0850X,261QM0855X,NA,NA,Ambulatory Health Care Facilities,NA,N,NA,NA,Clinic/Center,Adult Mental Health,"60 revere dr,northbrook,il 60062,usa",IL,2243061879,06/07/2013
1508153768,UNION COUNTY COUNSELING SERVICES INC,MANION BLDG,07/07/2011,NA,NA,261QM0850X,261QM0855X,NA,NA,Ambulatory Health Care Facilities,NA,N,NA,05,Clinic/Center,Adult Mental Health,"202 south st,anna,il 62906,usa",IL,6188338551,02/25/2020
1154647089,KIDS ABOVE ALL,NA,04/16/2010,NA,NA,261QM0855X,261QM0801X,012033-11,NA,Ambulatory Health Care Facilities,NA,N,NA,NA,Clinic/Center,Adolescent and Children Mental Health,"2808 w chicago ave,chicago,il 60622,usa",IL,8472840430,06/22/2020
1235455163,KIDS ABOVE ALL,NA,04/16/2010,NA,NA,261QM0855X,261QM0801X,01203311,NA,Ambulatory Health Care Facilities,NA,N,NA,NA,Clinic/Center,Adolescent and Children Mental Health,"1260 iroquois ave st. 102,naperville,il 60563,usa",IL,8472840430,06/22/2020
1205147717,CITY OF CHICAGO,NA,06/30/2010,NA,NA,261QM0850X,NA,149008082,NA,Ambulatory Health Care Facilities,NA,N,NA,NA,Clinic/Center,Adult Mental Health,"641 w 63rd.st,chicago,il 60621,usa",IL,3127479889,06/30/2010
1609181106,BETHANY HOMES AND METHODIST HOSPITAL,METHODIST HOSPITAL OF CHICAGO,08/10/2010,NA,NA,261QM0850X,NA,NA,NA,Ambulatory Health Care Facilities,NA,N,NA,NA,Clinic/Center,Adult Mental Health,"1550 s albany ave,chicago,il 60623,usa",IL,7739891465,08/10/2010
1417258781,GOOD HOPE BEHAVIORAL HEALTH,NA,11/03/2010,NA,NA,261QM0850X,NA,NA,NA,Ambulatory Health Care Facilities,NA,N,NA,05,Clinic/Center,Adult Mental Health,"12 salt creek ln,hinsdale,il 60521,usa",IL,6307897800,09/05/2013
1902102882,DEBORAH REED MD SC,NA,02/10/2011,NA,NA,261QM0850X,NA,036069293,NA,Ambulatory Health Care Facilities,NA,N,NA,NA,Clinic/Center,Adult Mental Health,"1 west.inst.r st.,lake forest,il 60045,usa",IL,8472954248,07/31/2013
1902102890,DR MICHAEL S MALING LTD,NA,02/10/2011,NA,NA,261QM0850X,NA,071 004554,NA,Ambulatory Health Care Facilities,NA,N,NA,NA,Clinic/Center,Adult Mental Health,"660 lasalle place,highland park,il 60035,usa",IL,8477804900,02/10/2011
1346547965,"ILLINOIS BEHAVIORAL HEALTH, LTD.",NA,02/16/2011,NA,NA,261QM0850X,NA,071007877,NA,Ambulatory Health Care Facilities,NA,N,NA,NA,Clinic/Center,Adult Mental Health,"1010 jorie blvd,oak brook,il 60523,usa",IL,6305063906,09/17/2012
1003194150,"CHESTNUT HEALTH SYSTEMS, INC.",NA,07/22/2011,NA,NA,261QM0850X,261QM0855X,NA,NA,Ambulatory Health Care Facilities,NA,N,NA,01,Clinic/Center,Adult Mental Health,"3924 oakmont dr,pontoon beach,il 62040,usa",IL,3098203535,10/03/2018
1902184054,"CHESTNUT HEALTH SYSTEMS, INC.",NA,07/22/2011,NA,NA,261QM0850X,261QM0855X,NA,NA,Ambulatory Health Care Facilities,NA,N,NA,01,Clinic/Center,Adult Mental Health,"648 st.te st.bldg a,madison,il 62060,usa",IL,3098203535,10/03/2018
1326335589,UNION COUNTY COUNSELING SERVICES INC,DROP IN CENTER,07/07/2011,NA,NA,261QM0850X,NA,NA,NA,Ambulatory Health Care Facilities,NA,N,NA,05,Clinic/Center,Adult Mental Health,"302 south st,anna,il 62906,usa",IL,6188338851,07/13/2018
1245513068,KARL D LEHMAN MD SC,NA,09/28/2011,NA,NA,261QM0850X,NA,036085695,NA,Ambulatory Health Care Facilities,NA,N,NA,NA,Clinic/Center,Adult Mental Health,"707 madison st,evanston,il 60202,usa",IL,8473288358,09/28/2011
1891065025,GOLD COAST CLINICAL ASSOCIATES INC,NA,01/04/2012,NA,NA,261QM0855X,261QM0850X,036098130,036098130,Ambulatory Health Care Facilities,NA,N,NA,NA,Clinic/Center,Adolescent and Children Mental Health,"845 n michigan ave,chicago,il 60611,usa",IL,7733500020,01/04/2012
1518237528,"AFG GUIDANCE CENTER KENILWORTH, INC.",NA,01/06/2012,NA,NA,261QM0855X,NA,036092952,NA,Ambulatory Health Care Facilities,NA,N,NA,NA,Clinic/Center,Adolescent and Children Mental Health,"444 green bay rd,kenilworth,il 60043,usa",IL,7735105013,01/06/2012
1093088676,JAL PSYCHOLOGICAL SERVICES,NA,02/13/2012,NA,NA,261QM0850X,261QM0855X,071006856,071006856,Ambulatory Health Care Facilities,NA,N,NA,NA,Clinic/Center,Adult Mental Health,"60 orland square dr st. 203,orland park,il 60462,usa",IL,7083647046,02/13/2012
1528331105,"HENRY G. CONROE, M.D., S.C.",NA,02/13/2012,NA,NA,261QM0850X,NA,036048944,NA,Ambulatory Health Care Facilities,NA,N,NA,NA,Clinic/Center,Adult Mental Health,"25 east.washington,chicago,il 60602,usa",IL,3127822335,04/09/2015
1548534829,"WHOLE FAMILY, INC",NA,03/03/2012,NA,NA,261QM0855X,NA,149012783,NA,Ambulatory Health Care Facilities,NA,N,NA,NA,Clinic/Center,Adolescent and Children Mental Health,"1655 w school st,chicago,il 60657,usa",IL,3125193187,03/03/2012
1346515244,VITA NOBLESSE INC.,NA,03/12/2012,NA,NA,261QM0850X,261QM0855X,036.126980,036.126980,Ambulatory Health Care Facilities,NA,N,NA,NA,Clinic/Center,Adult Mental Health,"6006 w. 159th st,oak forest,il 60452,usa",IL,7089411174,03/12/2012
1134485774,"JAMES M. ABEC, PHD, LTD",NA,04/09/2012,NA,NA,261QM0850X,NA,71-1979,NA,Ambulatory Health Care Facilities,NA,N,NA,NA,Clinic/Center,Adult Mental Health,"477 e butterfield rd,lombard,il 60148,usa",IL,6309604312,04/09/2012
1003172404,PSYCHIATRY SPECIALISTS,NA,04/10/2012,NA,NA,261QM0850X,261QM0855X,036121844,036121844,Ambulatory Health Care Facilities,NA,N,NA,05,Clinic/Center,Adult Mental Health,"855 w 103rd.st,chicago,il 60643,usa",IL,7732399600,04/10/2012
1669730107,QUN WU MD,NA,05/02/2012,NA,NA,261QM0850X,261QM0855X,036125727,036125727,Ambulatory Health Care Facilities,NA,N,NA,05,Clinic/Center,Adult Mental Health,"855 w 103rd.st,chicago,il 60643,usa",IL,7732399600,05/02/2012
1346500022,"FIRST RATE REHABILITATION GROUP, INC",NA,05/29/2012,NA,NA,261QM0850X,NA,NA,NA,Ambulatory Health Care Facilities,NA,N,NA,NA,Clinic/Center,Adult Mental Health,"112 s halst.d st.st. 200,chicago heights,il 60411,usa",IL,7087559626,05/29/2012
1306108758,"TIME4CHANGECOUNSELING, LLC",NA,06/12/2012,NA,NA,261QM0850X,NA,149009537,NA,Ambulatory Health Care Facilities,NA,N,NA,NA,Clinic/Center,Adult Mental Health,"1780 ash st,northfield,il 60093,usa",IL,2247303295,06/12/2012
1093069866,ELLA KOMAROVSKY MD,NA,11/01/2012,NA,NA,261QM0850X,261QM0855X,036106106,336-106106,Ambulatory Health Care Facilities,NA,N,NA,NA,Clinic/Center,Adult Mental Health,"9933 lawler ave,skokie,il 60077,usa",IL,8472174342,03/13/2013
1689928343,"INNOVATIVE BEHAVIORAL SOLUTIONS, LLC",NA,11/02/2012,NA,NA,261QM0850X,261QM0855X,NA,NA,Ambulatory Health Care Facilities,NA,N,NA,NA,Clinic/Center,Adult Mental Health,"405 e oakwood blvd apt 4j,chicago,il 60653,usa",IL,6019463086,11/02/2012
1871938928,"PATRICK J. AHERN, J.D., L.C.S.W., P.C.",NA,05/02/2013,NA,NA,261QM0850X,NA,149-006411,NA,Ambulatory Health Care Facilities,NA,N,NA,NA,Clinic/Center,Adult Mental Health,"2210 dean st,st charles,il 60175,usa",IL,6305876910,05/02/2013
1457796385,PRIVATE PRACTICE,NA,05/06/2013,NA,NA,261QM0855X,261QM0801X,NA,NA,Ambulatory Health Care Facilities,NA,N,NA,NA,Clinic/Center,Adolescent and Children Mental Health,"76 e 89th pl,chicago,il 60619,usa",IL,7733834149,05/06/2013
1124465778,RIVER NORTH COUNSELING GROUP LLC,NA,05/22/2013,NA,NA,261QM0850X,NA,071006869,NA,Ambulatory Health Care Facilities,NA,N,NA,NA,Clinic/Center,Adult Mental Health,"405 n wabash ave unit 2808,chicago,il 60611,usa",IL,3122221770,05/22/2013
1902243090,"LIFE RESET SOLUTIONS, P.C.",NA,05/29/2013,NA,NA,261QM0850X,NA,071006689,NA,Ambulatory Health Care Facilities,NA,N,NA,NA,Clinic/Center,Adult Mental Health,"3633 w lake ave,glenview,il 60026,usa",IL,3122854729,10/21/2013
1629418132,"ROBERT W. BURTON, MD, INC.",NA,06/28/2013,NA,NA,261QM0850X,NA,036072613,NA,Ambulatory Health Care Facilities,NA,N,NA,NA,Clinic/Center,Adult Mental Health,"636 church st,evanston,il 60201,usa",IL,8474240319,06/28/2013
1356771570,"C. WISEMAN, MD MPH, INC.",NA,11/25/2013,NA,NA,261QM0850X,NA,036110547,NA,Ambulatory Health Care Facilities,NA,N,NA,NA,Clinic/Center,Adult Mental Health,"445 jackson ave,naperville,il 60540,usa",IL,6303058545,11/25/2013
1386922433,"CHESTNUT HEALTH SYSTEMS, INC.",NA,07/22/2011,NA,NA,261QM0855X,320800000X,NA,04023,Ambulatory Health Care Facilities,NA,N,NA,01,Clinic/Center,Adolescent and Children Mental Health,"1218 19th st,granite city,il 62040,usa",IL,3098203535,10/03/2018
1770850075,"CHESTNUT HEALTH SYSTEMS, INC.",NA,11/30/2011,NA,NA,261QM0850X,261QM0855X,NA,NA,Ambulatory Health Care Facilities,NA,N,NA,01,Clinic/Center,Adult Mental Health,"648 st.te st.bldg b,madison,il 62060,usa",IL,3098203535,10/03/2018
1609144815,CHESTNUT HEALTH SYSTEMS INC,NA,12/02/2011,NA,NA,261QM0850X,324500000X,NA,A-0126-0001-A,Ambulatory Health Care Facilities,NA,N,NA,05,Clinic/Center,Adult Mental Health,"50 northgate indust.ial dr,granite city,il 62040,usa",IL,3098203535,10/25/2018
1285906198,HOLISTIC PSYCHIATRY INC,NA,02/08/2012,NA,NA,261QM0855X,NA,036.128348,NA,Ambulatory Health Care Facilities,NA,N,NA,NA,Clinic/Center,Adolescent and Children Mental Health,"202 s pershing st,energy,il 62933,usa",IL,6189428645,02/08/2012
1386906139,OPEN WINGS LEARNING COMMUNITY,NA,06/07/2012,NA,NA,261QM0855X,NA,071-006306,NA,Ambulatory Health Care Facilities,NA,N,NA,NA,Clinic/Center,Adolescent and Children Mental Health,"778 w frontage rd,northfield,il 60093,usa",IL,3125871742,06/07/2012
1134565690,LUTHERAN SOCIAL SERVICES OF IL,LSSI,05/10/2013,NA,NA,261QM0850X,NA,041359126,NA,Ambulatory Health Care Facilities,NA,N,NA,NA,Clinic/Center,Adult Mental Health,"4840 w byron st,chicago,il 60641,usa",IL,7732827800,05/10/2013
1225457500,KRISTINE C HUDZIK,NA,04/15/2014,NA,NA,261QM0850X,261QM0855X,149015920,149015920,Ambulatory Health Care Facilities,NA,N,NA,NA,Clinic/Center,Adult Mental Health,"380 e saint charles rd.unit 741,lombard,il 60148,usa",IL,8589455074,04/15/2014
1033515796,"LOTUS BEHAVIORAL HEALTH AND WELLNESS, LLC",NA,11/07/2014,NA,NA,261QM0850X,NA,071.007970,NA,Ambulatory Health Care Facilities,NA,N,NA,NA,Clinic/Center,Adult Mental Health,"1910 1st.st.st. 302,highland park,il 60035,usa",IL,3124206427,11/07/2014
1801284799,"CHICAGO CENTER FOR EVIDENCE BASED TREATMENT, LLC",NA,12/31/2014,NA,NA,261QM0850X,261QM0855X,149014532,149014532,Ambulatory Health Care Facilities,NA,N,NA,NA,Clinic/Center,Adult Mental Health,"25 e washington st.st. 826,chicago,il 60602,usa",IL,3126003936,12/31/2014
1235527524,"HERITAGE BEHAVIORAL HEALTH CENTER, INC","HERITAGE BEHAVIORAL HEALTH CENTER, INC",01/08/2015,NA,NA,261QM0850X,261QM0801X,04070,NA,Ambulatory Health Care Facilities,NA,Y,NA,NA,Clinic/Center,Adult Mental Health,"327 w prairie ave,decatur,il 62522,usa",IL,2174204703,05/10/2016
1710371570,JEWISH CHILD AND FAMILY SERVICES,NA,03/19/2015,NA,NA,261QM0855X,261QM0801X,010618-14,NA,Ambulatory Health Care Facilities,NA,N,NA,NA,Clinic/Center,Adolescent and Children Mental Health,"3033 w touhy ave,chicago,il 60645,usa",IL,3123574800,11/13/2018
1700273570,COMPASS HEALTH CENTER CHICAGO LLC,NA,04/20/2015,NA,NA,261QM0850X,261QM0855X,NA,NA,Ambulatory Health Care Facilities,NA,N,NA,NA,Clinic/Center,Adult Mental Health,"2500 w bradley pl,chicago,il 60618,usa",IL,2243061879,04/20/2015
1811374309,PRIVATE PRACTICE,NA,05/04/2015,NA,NA,261QM0850X,NA,149015655,NA,Ambulatory Health Care Facilities,NA,N,NA,NA,Clinic/Center,Adult Mental Health,"30 n michigan ave,chicago,il 60602,usa",IL,7862696864,05/04/2015
1750769006,IYAD M ALKHOURI MD,NA,05/07/2015,NA,NA,261QM0855X,NA,2084P0800X,NA,Ambulatory Health Care Facilities,NA,N,NA,NA,Clinic/Center,Adolescent and Children Mental Health,"333 n michigan ave,chicago,il 60601,usa",IL,6308461644,05/07/2015
1720467798,SACRED CIRCLES HEALTH INITIATIVE,NA,05/23/2015,NA,NA,261QM0850X,261QC1500X,NA,NA,Ambulatory Health Care Facilities,NA,Y,NA,NA,Clinic/Center,Adult Mental Health,"2020 w harrison st,chicago,il 60612,usa",IL,7737176759,05/23/2015
1124401179,"OMNI YOUTH SERVICES, INC.",EDGE COUNSELING SOLUTIONS,07/08/2015,NA,NA,261QM0850X,261QM0855X,NA,NA,Ambulatory Health Care Facilities,NA,Y,NA,NA,Clinic/Center,Adult Mental Health,"1111 w lake cook rd,buffalo grove,il 60689,usa",IL,8473531762,07/08/2015
1356717151,"CHURCHWELL PSYCHIATRY, S.C.",NA,08/15/2015,NA,NA,261QM0850X,NA,042620450,NA,Ambulatory Health Care Facilities,NA,N,NA,NA,Clinic/Center,Adult Mental Health,"636 church st.st. 409a,evanston,il 60201,usa",IL,3122393951,08/15/2015
1932577376,MELISSA S KOSTIAL-JANOS P.C.,MELISSA S KOSTIAL-JANOS LCSW ACSW,09/02/2015,NA,NA,261QM0850X,NA,149001506,NA,Ambulatory Health Care Facilities,NA,N,NA,NA,Clinic/Center,Adult Mental Health,"135 n greenleaf st,gurnee,il 60031,usa",IL,2246031199,09/02/2015
1952779100,"JOSH SINGH, PHD",NA,09/04/2015,NA,NA,261QM0850X,NA,071007416,NA,Ambulatory Health Care Facilities,NA,N,NA,NA,Clinic/Center,Adult Mental Health,"1525 e 53rd.st.st. 623,chicago,il 60615,usa",IL,7734121150,03/22/2017
1780059345,CHUDY COUNSELING SERVICES INC,NA,12/08/2015,NA,NA,261QM0850X,NA,14900964,NA,Ambulatory Health Care Facilities,NA,N,NA,NA,Clinic/Center,Adult Mental Health,"11309 dist.nctive dr,orland park,il 60467,usa",IL,6306318486,12/08/2015
1285055343,"CHILDREN'S CLINIC, LLC",CHICAGO CHILDREN'S CLINIC,12/17/2013,NA,NA,261QM0855X,NA,071006306,NA,Ambulatory Health Care Facilities,NA,N,NA,NA,Clinic/Center,Adolescent and Children Mental Health,"778 w frontage rd,northfield,il 60093,usa",IL,3125871742,12/17/2013
1124449731,ROSECRANCE INC,ROSECRANCE CRYSTAL LAKE,12/27/2013,NA,NA,261QM0855X,261QM0801X,NA,NA,Ambulatory Health Care Facilities,NA,N,NA,05,Clinic/Center,Adolescent and Children Mental Health,"422 tracy court,crystal lake,il 60014,usa",IL,8153911000,09/05/2018
1487072781,MARYVILLE ACADEMY,FAMILY BEHAVIORAL HEALTH CLINIC,04/03/2014,NA,NA,261QM0850X,261QM0855X,NA,NA,Ambulatory Health Care Facilities,NA,N,NA,NA,Clinic/Center,Adult Mental Health,"701 lee st.st. 100,des plaines,il 60016,usa",IL,8472941893,01/07/2021
1437563798,INNOVATIVE COUNSELING PARTNERS LLC,NA,06/16/2014,NA,NA,261QM0855X,261QM0850X,248001003,248001003,Ambulatory Health Care Facilities,NA,N,NA,05,Clinic/Center,Adolescent and Children Mental Health,"715 lake st.st. 806,oak park,il 60301,usa",IL,3123437400,06/22/2020
1386041796,"CHICAGO PSYCHOLOGICAL SERVICES, INC.",NA,12/01/2014,NA,NA,261QM0850X,NA,071001927,NA,Ambulatory Health Care Facilities,NA,N,NA,NA,Clinic/Center,Adult Mental Health,"3633 breakers dr apt 329,olympia fields,il 60461,usa",IL,7732638855,11/15/2020
1295117968,FAITHLIFE COUNSELING,THE BALDWIN CENTER,06/18/2015,NA,NA,261QM0850X,NA,180004924,NA,Ambulatory Health Care Facilities,NA,N,NA,NA,Clinic/Center,Adult Mental Health,"2215 lakeside dr,bannockburn,il 60015,usa",IL,8472246762,06/18/2015
1467834564,"CATHY JACKSON SHARPER CLARITY, P.C.",NA,06/24/2015,NA,NA,261QM0850X,NA,180006774,NA,Ambulatory Health Care Facilities,NA,N,NA,NA,Clinic/Center,Adult Mental Health,"1820 ridge rd,homewood,il 60430,usa",IL,7089666091,08/07/2015
1750753158,"ANNIE FELICE, LCPC, PC",NA,10/24/2015,NA,NA,261QM0850X,NA,180009960,NA,Ambulatory Health Care Facilities,NA,N,NA,NA,Clinic/Center,Adult Mental Health,"3139 n lincoln ave,chicago,il 60657,usa",IL,7732700427,11/14/2016
1033583851,"ROBERT K MARSHALL, LLC",NA,11/17/2015,NA,NA,261QM0850X,NA,71-2524,NA,Ambulatory Health Care Facilities,NA,N,NA,NA,Clinic/Center,Adult Mental Health,"9631 w 153rd.st.st. 38,orland park,il 60462,usa",IL,8475333806,11/17/2015
1770949661,CTF ILLINOIS,ACCESS PSYCHOLOGICAL SERVICES,01/07/2016,NA,NA,261QM0850X,NA,NA,NA,Ambulatory Health Care Facilities,NA,Y,NA,NA,Clinic/Center,Adult Mental Health,"18230 orland pkwy,orland park,il 60467,usa",IL,7084291260,11/06/2019
1114385127,"KATHERINE SCHAEFER BERG, PH.D., P.C.",NA,02/04/2016,NA,NA,261QM0850X,NA,071007618,NA,Ambulatory Health Care Facilities,NA,N,NA,NA,Clinic/Center,Adult Mental Health,"475 dunham rd,st charles,il 60174,usa",IL,6303866287,02/04/2016
1992165542,PIERCE COUNSELING & CONSULTING SERVICES,NA,02/24/2016,NA,NA,261QM0850X,NA,180008992,NA,Ambulatory Health Care Facilities,NA,N,NA,NA,Clinic/Center,Adult Mental Health,"633 s oak park ave,oak park,il 60304,usa",IL,3124980056,02/24/2016
1902269103,"HILLARY LAMONTAGNE THERAPY, LLC",NA,04/04/2016,NA,NA,261QM0850X,NA,180.007297,NA,Ambulatory Health Care Facilities,NA,N,NA,NA,Clinic/Center,Adult Mental Health,"520 e allen st,springfield,il 62703,usa",IL,2178369892,04/04/2016
1548617012,"YEHUDA KROHN, PSY.D., P.C.",NA,05/15/2016,NA,NA,261QM0850X,103TC0700X,071006501,071006501,Ambulatory Health Care Facilities,NA,N,NA,NA,Clinic/Center,Adult Mental Health,"6677 n lincoln ave,lincolnwood,il 60712,usa",IL,8477631184,05/16/2016
1720532807,TRANSMOGRIFY COUNSELING SERVICES LLC,NA,08/06/2016,NA,NA,261QM0855X,261QM0850X,180007521,180007521,Ambulatory Health Care Facilities,NA,N,NA,NA,Clinic/Center,Adolescent and Children Mental Health,"23819 w mill st,plainfield,il 60544,usa",IL,7088460864,08/06/2016
1073067138,"GALENA CLINIC, INC.",NA,08/06/2016,NA,NA,261QM0855X,261QM0850X,14011,14011,Ambulatory Health Care Facilities,NA,N,NA,01,Clinic/Center,Adolescent and Children Mental Health,"939 galena square dr,galena,il 61036,usa",IL,8157771300,06/05/2018
1780138792,NEW REFLECTION CLINICAL SERVICES,NA,08/08/2016,NA,NA,261QM0850X,NA,NA,NA,Ambulatory Health Care Facilities,NA,N,NA,NA,Clinic/Center,Adult Mental Health,"29w335 renouf dr,warrenville,il 60555,usa",IL,6303469266,08/08/2016
1902353782,MARYVILLE ACADEMY,FAMILY BEHAVIORAL HEALTH CLINIC,09/08/2016,NA,NA,261QM0855X,261QM0850X,NA,NA,Ambulatory Health Care Facilities,NA,N,NA,NA,Clinic/Center,Adolescent and Children Mental Health,"1658 w grand ave,chicago,il 60622,usa",IL,8472941893,09/08/2016
1467909275,MARYVILLE ACADEMY,FAMILY BEHAVIORAL HEALTH CLINIC,09/09/2016,NA,NA,261QM0855X,261QR0405X,NA,NA,Ambulatory Health Care Facilities,NA,N,NA,NA,Clinic/Center,Adolescent and Children Mental Health,"701 lee st.st. 100,des plaines,il 60016,usa",IL,8472941893,01/07/2021
1053861989,"LIFESKILLS COUNSELING SERVICES, LLC",NA,10/04/2016,NA,NA,261QM0850X,261QM0855X,NA,NA,Ambulatory Health Care Facilities,NA,N,NA,NA,Clinic/Center,Adult Mental Health,"1112 s. washington st,naperville,il 60540,usa",IL,8478901441,10/04/2016
1982154480,MARYVILLE ACADEMY,FAMILY BEHAVIORAL HEALTH CLINIC,10/07/2016,NA,NA,261QM0855X,261QM0850X,NA,NA,Ambulatory Health Care Facilities,NA,N,NA,NA,Clinic/Center,Adolescent and Children Mental Health,"951 w bartlett rd,bartlett,il 60103,usa",IL,8472941893,10/07/2016
1356706881,CTF ILLINOIS,ACCESS PSYCHOLOGICAL SERVICES,12/29/2015,NA,NA,261QM0850X,261QM0801X,4128,4128,Ambulatory Health Care Facilities,NA,N,NA,NA,Clinic/Center,Adult Mental Health,"530 e 162nd st,south holland,il 60473,usa",IL,7084291260,11/06/2019
1174989552,COPERTINO COUNSELING INC,NA,01/14/2016,NA,NA,261QM0855X,261QM0850X,180.009951,180.009951,Ambulatory Health Care Facilities,NA,N,NA,NA,Clinic/Center,Adolescent and Children Mental Health,"526 crescent blvd,glen ellyn,il 60137,usa",IL,6304409013,01/14/2016
1598122665,"THRIVING PATH, LLC","CORI R. DIXON-FYLE, LCSW",01/20/2016,NA,NA,261QM0850X,261QM0855X,149.014392,149.014392,Ambulatory Health Care Facilities,NA,N,NA,NA,Clinic/Center,Adult Mental Health,"1525 e 53rd.st,chicago,il 60615,usa",IL,8479426663,01/20/2016
1679925333,DUPAGE CREATIVE COUNSELING INC.,NA,07/06/2016,NA,NA,261QM0855X,261QM0850X,180.008394,180.008394,Ambulatory Health Care Facilities,NA,N,NA,NA,Clinic/Center,Adolescent and Children Mental Health,"16w241 s frontage rd.st. 35,burr ridge,il 60527,usa",IL,3098256311,07/06/2016
1912440264,INSIGHT BEHAVIORAL HEALTH CENTERS,NA,11/18/2016,NA,NA,261QM0850X,NA,071.009405,NA,Ambulatory Health Care Facilities,NA,N,NA,NA,Clinic/Center,Adult Mental Health,"333 n michigan ave,chicago,il 60601,usa",IL,7733122757,11/18/2016
1134663891,"FAMILY GUIDANCE CENTERS, INC.",NA,12/14/2016,NA,NA,261QM0850X,NA,NA,NA,Ambulatory Health Care Facilities,NA,N,NA,NA,Clinic/Center,Adult Mental Health,"326 w 64th st,chicago,il 60621,usa",IL,3129436545,01/29/2020
1255871083,EQUILIBRIUM COUNSELING CENTER,NA,02/27/2017,NA,NA,261QM0850X,NA,180.010096,NA,Ambulatory Health Care Facilities,NA,N,NA,NA,Clinic/Center,Adult Mental Health,"25 e washington st,chicago,il 60602,usa",IL,7738164236,02/27/2017
