dataset,var_num,var_name,short_name,short_desc,description,doc_src,app_include,tract ,cat
acs_5,NA,frac_disabled_pop,fraction of the population disabled,fraction of the population disabled,NA,NA,FALSE,FALSE,Health 
acs_5,NA,frac_medicaid_pop,fraction of the population on medicaid,fraction of the population on medicaid,NA,NA,TRUE,TRUE,Health 
acs_5,NA,frac_medicare_pop,fraction of the population on medicare,fraction of the population on medicare,NA,NA,TRUE,TRUE,Health 
acs_5,NA,frac_uninsured_pop,fraction of the population uninsured,fraction of the population uninsured,NA,NA,TRUE,TRUE,Health 
all,NA,state,state,State FIPS code,Two-digit state 2010 FIPS code,NA,TRUE,FALSE,
all,NA,county,county,County FIPS code,Three-digit county 2010 FIPS code,NA,TRUE,FALSE,
all,NA,tract,tract,Tract FIPS code,Six-digit tract 2010 FIPS code,NA,TRUE,FALSE,
oi,NA,jail,jail,Fraction incarcerated,"Fraction incarcerated on April 1st, 2010 (where incarceration is defined as residing in a federal detention center, federal prison, state prison, local jail, residential correctional facility, military jail, or juvenile correctional facility)",https://opportunityinsights.org/wp-content/uploads/2019/07/Codebook-for-Table-4.pdf,FALSE,TRUE,Socioeconomic
oi,NA,kfr_top01,likely_1_pct_household,Probability of household income reaching top 1%,Probability of reaching the top 1% of the national household income distribution (among children born in the same year) in 2014-15,https://opportunityinsights.org/wp-content/uploads/2019/07/Codebook-for-Table-4.pdf,FALSE,TRUE,Socioeconomic
oi,NA,married,married,Fraction of children who grow up to marry,Fraction of children who file their federal income tax return as “married filing jointly” or “married filing separate” in 2015,https://opportunityinsights.org/wp-content/uploads/2019/07/Codebook-for-Table-4.pdf,FALSE,TRUE,Socioeconomic
oi,NA,teenbrth,teen_birth,Fraction of women with child while between 13-19,Fraction of women who grew up in the given tract who ever claimed a child who was born when they were between the ages of 13 and 19 as a dependent at any point,https://opportunityinsights.org/wp-content/uploads/2019/07/Codebook-for-Table-4.pdf,FALSE,TRUE,Socioeconomic
oi,NA,two_par,two_parents,Fraction of children claimed by two parents,Fraction of children claimed by two people in the year they are linked to parents,https://opportunityinsights.org/wp-content/uploads/2019/07/Codebook-for-Table-4.pdf,FALSE,TRUE,Socioeconomic
covid_nyt,NA,cases,covid_cases,Cumulative count of coronavirus cases,Cumulative count of coronavirus cases,NA,FALSE,,Health 
covid_nyt,NA,deaths,covid_deaths,Cumulative count of coronavirus deaths,Cumulative count of coronavirus deaths,NA,FALSE,,Health 
svi,NA,rpl_theme1,svi_socioeconomic,Vulnerability rank for Socioeconomic theme,Percentile ranking for Socioeconomic theme summary,https://svi.cdc.gov/Documents/Data/2018_SVI_Data/SVI2018Documentation.pdf,TRUE,TRUE,Socioeconomic
svi,NA,rpl_theme2,svi_household_composition,Vulnerability rank for Household Composition,Percentile ranking for Household Composition theme summary,https://svi.cdc.gov/Documents/Data/2018_SVI_Data/SVI2018Documentation.pdf,TRUE,TRUE,Socioeconomic
svi,NA,rpl_theme3,svi_minority_language,Vulnerability rank for Minority Status/Language,Percentile ranking for Minority Status/Language theme,https://svi.cdc.gov/Documents/Data/2018_SVI_Data/SVI2018Documentation.pdf,TRUE,TRUE,Socioeconomic
svi,NA,rpl_theme4,svi_housing_transport,Vulnerability rank for HousingType/Transportation,Percentile ranking for HousingType/Transportation theme,https://svi.cdc.gov/Documents/Data/2018_SVI_Data/SVI2018Documentation.pdf,TRUE,TRUE,Socioeconomic
svi,NA,rpl_themes,svi_index_rank,Overall social vulnerability rank across themes,Overall percentile ranking,https://svi.cdc.gov/Documents/Data/2018_SVI_Data/SVI2018Documentation.pdf,TRUE,TRUE,Socioeconomic
lodes_rac,NA,c000_n,jobs_total,Total number of jobs,Total number of jobs,https://lehd.ces.census.gov/data/lodes/LODES7/LODESTechDoc7.4.pdf,TRUE,,Socioeconomic
lodes_rac,NA,ce01_n,jobs_low_pay_n,Number of jobs earning $1250/month or less,Number of jobs with earnings $1250/month or less,https://lehd.ces.census.gov/data/lodes/LODES7/LODESTechDoc7.4.pdf,TRUE,,Socioeconomic
lodes_rac,NA,ce03_n,jobs_high_pay_n,Number of jobs earning greater than $3333/month,Number of jobs with earnings greater than $3333/month,https://lehd.ces.census.gov/data/lodes/LODES7/LODESTechDoc7.4.pdf,TRUE,,Socioeconomic
lodes_rac,NA,ce01_frac,jobs_low_pay_frac,Fraction of jobs earning $1250/month or less,Percentage of jobs with earnings $1250/month or less,https://lehd.ces.census.gov/data/lodes/LODES7/LODESTechDoc7.4.pdf,TRUE,,Socioeconomic
lodes_rac,NA,ce03_frac,jobs_high_pay_frac,Fraction of jobs earning greater than $3333/month,Percentage of jobs with earnings greater than $3333/month,https://lehd.ces.census.gov/data/lodes/LODES7/LODESTechDoc7.4.pdf,TRUE,,Socioeconomic
lodes_rac,NA,cns03_frac,jobs_utilities_frac,Fraction of jobs in utilities sector,Percentage of jobs in NAICS sector 22 (Utilities),https://lehd.ces.census.gov/data/lodes/LODES7/LODESTechDoc7.4.pdf,TRUE,,Socioeconomic
lodes_rac,NA,cns12_frac,jobs_professional_frac,"Fraction of jobs in professional, scientific, and technical sector","Percentage of jobs in NAICS sector 54 (Professional, Scientific, and Technical Services)",https://lehd.ces.census.gov/data/lodes/LODES7/LODESTechDoc7.4.pdf,TRUE,,Socioeconomic
lodes_rac,NA,cns13_frac,jobs_management_frac,Fraction of jobs in management of companies and enterprises,Percentage of jobs in NAICS sector 55 (Management of Companies and Enterprises),https://lehd.ces.census.gov/data/lodes/LODES7/LODESTechDoc7.4.pdf,TRUE,,Socioeconomic
lodes_rac,NA,cns15_frac,jobs_education_frac,Fraction of jobs in education,Percentage of jobs in NAICS sector 61 (Educational Services),https://lehd.ces.census.gov/data/lodes/LODES7/LODESTechDoc7.4.pdf,TRUE,,Socioeconomic
lodes_rac,NA,cns16_frac,jobs_health_frac,Fraction of jobs in healthcare and social assistance,Percentage of jobs in NAICS sector 62 (Health Care and Social Assistance),https://lehd.ces.census.gov/data/lodes/LODES7/LODESTechDoc7.4.pdf,TRUE,,Socioeconomic
lodes_rac,NA,cns18_frac,jobs_food_frac,Fraction of jobs in accommodation and food services,Percentage of jobs in NAICS sector 72 (Accommodation and Food Services),https://lehd.ces.census.gov/data/lodes/LODES7/LODESTechDoc7.4.pdf,TRUE,,Socioeconomic
vera,NA,n_inmates_prison,n_inmates_prison,Estimated number of inmates in prison,Est. number of inmates in prison,http://trends.vera.org/about,TRUE,FALSE,Socioeconomic
vera,NA,n_inmates_jail,n_inmates_jail,Estimated number of inmates in jail,Est. number of inmates in jail,http://trends.vera.org/about,TRUE,FALSE,Socioeconomic
vera,NA,n_inmates_jail_pretrial,n_inmates_jail_pretrial,Estimated number of inmates in pretrail,Est. number of inmates in pretrail,http://trends.vera.org/about,TRUE,FALSE,Socioeconomic
vera,NA,n_inmates_jail_from_prison,n_inmates_jail_from_prison,Estimated number of inmates jail from prison,Est. number of inmates jail from prison,http://trends.vera.org/about,TRUE,FALSE,Socioeconomic
acs_5,NA,frac_renter_ocupd_homes,fraction renter occupied homes,fraction renter occupied homes,NA,NA,TRUE,TRUE,Socioeconomic
acs_5,B25012_010,renter_ocupd_homes,total renter occupied homes,total renter occupied homes,NA,NA,TRUE,TRUE,Socioeconomic
acs_5,NA,frac_two_parent_mom_caretaker_homes,fraction two parent households with stay-at-home mom,fraction two parent households with stay-at-home mom,NA,NA,TRUE,TRUE,Socioeconomic
acs_5,B23007_009,two_parent_mom_caretaker_homes,total two parent households with stay-at-home mom,total two parent households with stay-at-home mom,NA,NA,TRUE,TRUE,Socioeconomic
acs_5,NA,frac_two_parent_both_working_homes,fraction two parent working households with children,fraction two parent working households with children,NA,NA,TRUE,TRUE,Socioeconomic
acs_5,B23007_007,two_parent_both_working_homes,total two parent working households with children,total two parent working households with children,NA,NA,TRUE,TRUE,Socioeconomic
acs_5,NA,frac_veteran_pop,fraction veteran,fraction veteran,NA,NA,TRUE,TRUE,Demographic 
acs_5,B21001_002,veteran_pop,total veteran,total veteran,NA,NA,TRUE,TRUE,Demographic 
acs_5,NA,frac_receiving_public_assistance_pop,fraction receiving public assistance income last 12 months,fraction receiving public assistance income last 12 months,NA,NA,TRUE,TRUE,Socioeconomic
acs_5,B19057_002,receiving_public_assistance_pop,total receiving public assistance income last 12 months,total receiving public assistance income last 12 months,NA,NA,TRUE,TRUE,Socioeconomic
acs_5,NA,frac_receiving_self_employment_income_pop,fraction receiving self-employment income,fraction receiving self-employment income,NA,NA,TRUE,TRUE,Socioeconomic
acs_5,B19053_002,receiving_self_employment_income_pop,total receiving self-employment income,total receiving self-employment income,NA,NA,TRUE,TRUE,Socioeconomic
acs_5,NA,frac_single_dad_homes,fraction single dad households,fraction single dad households,NA,NA,TRUE,TRUE,Socioeconomic
acs_5,B11012_015,single_dad_homes,total single dad households,total single dad households,NA,NA,TRUE,TRUE,Socioeconomic
acs_5,NA,frac_single_mom_homes,fraction single mom households,fraction single mom households,NA,NA,TRUE,TRUE,Socioeconomic
acs_5,B11012_010,single_mom_homes,total single mom households,total single mom households,NA,NA,TRUE,TRUE,Socioeconomic
acs_5,NA,frac_married_couples_family_homes,fraction married couples family,fraction married couples family,NA,NA,TRUE,TRUE,Socioeconomic
acs_5,B11001_003,married_couples_family_homes,total married couples family,total married couples family,NA,NA,TRUE,TRUE,Socioeconomic
acs_5,NA,frac_grnd_parents_responsible_for_grndchildren_homes,fraction grandparent households responsible for own grandchildren,fraction grandparent households responsible for own grandchildren,NA,NA,TRUE,TRUE,Socioeconomic
acs_5,B10002_002,grnd_parents_responsible_for_grndchildren_homes,total grandparent households responsible for own grandchildren,total grandparent households responsible for own grandchildren,NA,NA,TRUE,TRUE,Socioeconomic
acs_5,NA,frac_public_trans_to_work_pop,fraction taking public transportation to work,fraction taking public transportation to work,NA,NA,TRUE,TRUE,Socioeconomic
acs_5,B08301_010,public_trans_to_work_pop,total taking public transportation to work,total taking public transportation to work,NA,NA,TRUE,TRUE,Socioeconomic
acs_5,NA,frac_unpaid_family_worker_labor,fraction unpaid-family workers (children or family helping business),fraction unpaid-family workers (children or family helping business),NA,NA,FALSE,TRUE,Socioeconomic
acs_5,B08128_010,unpaid_family_worker_labor,total unpaid-family workers (children or family helping business),total unpaid-family workers (children or family helping business),NA,NA,FALSE,TRUE,Socioeconomic
acs_5,NA,frac_below_poverty_pop,fraction below poverty,fraction below poverty,NA,NA,TRUE,TRUE,Socioeconomic
acs_5,B06012_002,below_poverty_pop,total below poverty,total below poverty,NA,NA,TRUE,TRUE,Socioeconomic
acs_5,NA,frac_born_in_state_pop,fraction born in state of residence,fraction born in state of residence,NA,NA,TRUE,TRUE,Socioeconomic
acs_5,B06009_007,born_in_state_pop,total born in state of residence,total born in state of residence,NA,NA,TRUE,TRUE,Socioeconomic
acs_5,NA,frac_graduate_prof_degree_pop,fraction graduate or professional degree,fraction graduate or professional degree,NA,NA,TRUE,TRUE,Socioeconomic
acs_5,B06009_006,graduate_prof_degree_pop,total graduate or professional degree,total graduate or professional degree,NA,NA,TRUE,TRUE,Socioeconomic
acs_5,NA,frac_bachelors_degree_pop,fraction bachelor's degree,fraction bachelor's degree,NA,NA,TRUE,TRUE,Socioeconomic
acs_5,B06009_005,bachelors_degree_pop,total bachelor's degree,total bachelor's degree,NA,NA,TRUE,TRUE,Socioeconomic
acs_5,NA,frac_some_college_or_associates_pop,fraction some college or associates degree,fraction some college or associates degree,NA,NA,TRUE,TRUE,Socioeconomic
acs_5,B06009_004,some_college_or_associates_pop,total some college or associates degree,total some college or associates degree,NA,NA,TRUE,TRUE,Socioeconomic
acs_5,NA,frac_hs_graduates_pop,fraction high school graduates (including equivalency),fraction high school graduates (including equivalency),NA,NA,TRUE,TRUE,Socioeconomic
acs_5,B06009_003,hs_graduates_pop,total high school graduates (including equivalency),total high school graduates (including equivalency),NA,NA,TRUE,TRUE,Socioeconomic
acs_5,NA,frac_foreign_born_pop,fraction foreign born,fraction foreign born,NA,NA,TRUE,TRUE,Demographic 
acs_5,B05002_013,foreign_born_pop,total foreign born,total foreign born,NA,NA,TRUE,TRUE,Demographic 
acs_5,NA,frac_latino_pop,fraction latino population,fraction latino population,NA,NA,TRUE,TRUE,Demographic 
acs_5,B03001_003,latino_pop,total latino population,total latino population,NA,NA,TRUE,TRUE,Demographic 
acs_5,NA,frac_asian_pop,fraction asian population,fraction asian population,NA,NA,TRUE,TRUE,Demographic 
acs_5,B02001_005,asian_pop,total asian population,total asian population,NA,NA,TRUE,TRUE,Demographic 
acs_5,NA,frac_african_american_pop,fraction african-american,fraction african-american,NA,NA,TRUE,TRUE,Demographic 
acs_5,B02001_003,african_american_pop,total african-american,total african-american,NA,NA,TRUE,TRUE,Demographic 
acs_5,NA,frac_white_pop,fraction white population,fraction white population,NA,NA,TRUE,TRUE,Demographic 
acs_5,B02001_002,white_pop,total white population,total white population,NA,NA,TRUE,TRUE,Demographic 
acs_5,B01003_001,ttl_est_pop,total population,total population,NA,NA,TRUE,TRUE,Demographic 
oi,NA,kfr_top20,likely_20_pct_household,Probability of household income reaching top 20%,Probability of reaching the top quintile of the national household incomedistribution (among children born in the same year) in 2014-15,https://opportunityinsights.org/wp-content/uploads/2019/07/Codebook-for-Table-4.pdf,FALSE,,
oi,NA,stayhome,stay_home,Fraction of children living with parents,Fraction of children who live at the same address as their parents in 2015,https://opportunityinsights.org/wp-content/uploads/2019/07/Codebook-for-Table-4.pdf,FALSE,,
oi,NA,staytract,stay_tract,Fraction of adults living in childhood neighborhood,Fraction of individuals who live in one of their childhood Census tracts in adulthood,https://opportunityinsights.org/wp-content/uploads/2019/07/Codebook-for-Table-4.pdf,FALSE,,
oi,NA,working,positive_earnings,Fraction of children with positive W-2 earnings,Fraction of children with positive W-2 earnings in 2015,https://opportunityinsights.org/wp-content/uploads/2019/07/Codebook-for-Table-4.pdf,FALSE,,
oi,NA,hs,complete_hs,Fraction of children who completed high school/GED,Fraction of children who completed high school or obtained a GED (among children who the ACS or 2000 long form at age 19+),https://opportunityinsights.org/wp-content/uploads/2019/07/Codebook-for-Table-5.pdf,FALSE,,
acs_5,NA,median_income_median,median_income,Median income (in inflation-adjusted dollars),Median income in the past 12 months (in inflation-adjusted dollars),NA,FALSE,,
covid_cu,NA,total_75,covid_projection_reduced_mobility_75,Projected infections with 75% reduced cross-county mobility,Projected 75% percentile of daily infected (both documented and undocumented) cases for scenario: 95% reduction of cross-county mobility,NA,FALSE,,
covid_cu,NA,total_97.5,covid_projection_reduced_mobility_95,Projected infections with 95% reduced cross-county mobility,Projected 97.5% percentile of daily infected (both documented and undocumented) case for scenario: 95% reduction of cross-county mobility,NA,FALSE,,
covid_cu,NA,total_median,covid_projection_reduced_contact_50,Conservative projection of infections with moderate reduction of contact,Projected median of daily infected (both documented and undocumented) case for scenario: 50% reduction of contact rate,NA,FALSE,,
covid_cu,NA,total_median,covid_projection_reduced_contact_75,Conservative projection of infections with minimal reduction of contact,Projected median of daily infected (both documented and undocumented) case for scenario: 25% reduction of contact rate,NA,FALSE,,
svi,NA,ep_age65,older_adults_frac,Fraction of population aged 65 and older,Percentage of persons aged 65 and older estimate,https://svi.cdc.gov/Documents/Data/2018_SVI_Data/SVI2018Documentation.pdf,FALSE,,
svi,NA,ep_age17,children_frac,Fraction of persons aged 17 and younger,Percentage of persons aged 17 and younger estimate,https://svi.cdc.gov/Documents/Data/2018_SVI_Data/SVI2018Documentation.pdf,FALSE,,
svi,NA,e_totpop,pop_est,Population estimate,"Population estimate, 2014-2018 ACS",https://svi.cdc.gov/Documents/Data/2018_SVI_Data/SVI2018Documentation.pdf,FALSE,,1
svi,NA,ep_pov,frac_pov,Fraction of population below poverty,Percentage of persons below poverty estimate MOE,https://svi.cdc.gov/Documents/Data/2018_SVI_Data/SVI2018Documentation.pdf,FALSE,,1
svi,NA,ep_disabl,frac_disabl,Fraction of population with a disability,Percentage of civilian noninstitutionalized population with a disability estimate,https://svi.cdc.gov/Documents/Data/2018_SVI_Data/SVI2018Documentation.pdf,FALSE,,1
svi,NA,ep_minrty,frac_minrty,Fraction of population minority,"Percentage minority (all persons except white, non-Hispanic) estimate",https://svi.cdc.gov/Documents/Data/2018_SVI_Data/SVI2018Documentation.pdf,FALSE,,1
svi,NA,ep_uninsur,frac_uninsur,Fraction of population uninsured,Adjunct variable -Percentage uninsured in the total civilian noninstitutionalized population estimate,https://svi.cdc.gov/Documents/Data/2018_SVI_Data/SVI2018Documentation.pdf,FALSE,,1
oi,NA,has_dad,has_dad,Fraction with father (male tax claimer),Fraction of children who have a male claimer in the year they are linked to parents,https://opportunityinsights.org/wp-content/uploads/2019/07/Codebook-for-Table-4.pdf,FALSE,,
oi,NA,has_mom,has_mom,Fraction with mother (female tax claimer),Fraction of children who have a female claimer in the year they are linked to parents,https://opportunityinsights.org/wp-content/uploads/2019/07/Codebook-for-Table-4.pdf,FALSE,,
oi,NA,kfr,rank_household_income,Mean percentile rank of household income,Mean percentile rank (relative to other children born in the same year) in thenational distribution of household income (i.e. own earnings and spouse’s earnings) measured as mean earnings in 2014-2015 for the baseline sample,https://opportunityinsights.org/wp-content/uploads/2019/07/Codebook-for-Table-4.pdf,FALSE,,
oi,NA,kir_top01,likely_1_pct_individual,Probability of individual income reaching top 1%,Probability of reaching the top 1% of the national individual incomedistribution (among children born in the same year) in 2014-15,https://opportunityinsights.org/wp-content/uploads/2019/07/Codebook-for-Table-4.pdf,FALSE,,
oi,NA,kir_top20,likely_20_pct_individual,Probability of individual income reaching top 20%,Probability of reaching the top quintile of the national individual incomedistribution (among children born in the same year) in 2014-15,https://opportunityinsights.org/wp-content/uploads/2019/07/Codebook-for-Table-4.pdf,FALSE,,
oi,NA,kir,rank_individual_income,Mean percentile rank of individual income,Mean percentile rank (relative to other children born in the same year) in thenational distribution of individual income (i.e. just own earnings) measured as mean earnings in 2014-2015 for the baseline sample,https://opportunityinsights.org/wp-content/uploads/2019/07/Codebook-for-Table-4.pdf,FALSE,,
acs_5,NA,below_poverty_n,below_poverty_n,Individuals with income below poverty level,The estimated number of individuals whose income in the past 12 months was below poverty level,NA,FALSE,,1
acs_5,NA,below_poverty_frac,below_poverty_frac,Fraction of population with income below poverty level,The margin of error of the estimated number of individuals whose income in the past 12 months was below poverty level,NA,FALSE,,1
acs_5,NA,disability_n,disability_n,Individuals in population with a disability,The estimated number of individuals with a disability,NA,FALSE,,
acs_5,NA,disability_frac,disability_frac,Fraction of population with a disability,The proportion of the population with a disability,NA,FALSE,,
acs_5,NA,no_insurance_n,no_insurance_n,Individuals with no health insurance,The estimated number of individuals with no health insurance coverage,NA,FALSE,,1
acs_5,NA,no_insurance_frac,no_insurance_frac,Fraction of population with no health insurance,The proportion of the population who have no health insurance coverage,NA,FALSE,,1
evict,NA,renter_occupied_households,renters,Interpolated count of renter-occupied households,Interpolated count of renter-occupied households. Based on Census and ESRI Business Analyst demographic estimates,https://eviction-lab-data-downloads.s3.amazonaws.com/DATA_DICTIONARY.txt,FALSE,,
evict,NA,pct_renter_occupied,renters_frac,% of occupied housing units that are renter-occupied,This is not based off of the interpolated renter-occupied-households variable.  % of occupied housing units that are renter-occupied,https://eviction-lab-data-downloads.s3.amazonaws.com/DATA_DICTIONARY.txt,FALSE,,
evict,NA,rent_burden,rent_burden,Median rent as a fraction of household income,"Median gross rent as a percentage of household income, max is 50% representing >= 50%",https://eviction-lab-data-downloads.s3.amazonaws.com/DATA_DICTIONARY.txt,FALSE,,
evict,NA,evictions,evictions,Number of eviction orders,Number of eviction judgments in which renters were ordered to leave in a given area and year.  Only counts a single address which received an eviction judgment per year,https://eviction-lab-data-downloads.s3.amazonaws.com/DATA_DICTIONARY.txt,FALSE,,
evict,NA,eviction_rate,eviction_rate,Fraction of renter-occupied households with eviction orders,Ratio of the number of renter-occupied households in an area that received an eviction judgement in which renters were ordered to leave.  Only counts a single address per year which received an eviction judgment,https://eviction-lab-data-downloads.s3.amazonaws.com/DATA_DICTIONARY.txt,FALSE,,
evict,NA,eviction_filing_rate,eviction_filing_rate,Fraction of renter-occupied households with eviction filings,"Ratio of the number of evictions filed in an area over the number of renter-occupied homes in that area.  Counts all eviction cases filed in an area, including multiple cases filed against the same address in the same year",https://eviction-lab-data-downloads.s3.amazonaws.com/DATA_DICTIONARY.txt,FALSE,,
oi,NA,kfr_stycz,NA,NA,"Baseline kfr measure (2014-15 income) as defined above, but restricted to children who live in one of their childhood commuting zones in adulthood",https://opportunityinsights.org/wp-content/uploads/2019/07/Codebook-for-Table-4.pdf,FALSE,,
oi,NA,kfr_24,NA,NA,Mean percentile rank (relative to other children in the same year) in the national distribution of household income measured at [age] 24,https://opportunityinsights.org/wp-content/uploads/2019/07/Codebook-for-Table-4.pdf,FALSE,,
oi,NA,kfr_26,NA,NA,Mean percentile rank (relative to other children in the same year) in the national distribution of household income measured at [age] 26,https://opportunityinsights.org/wp-content/uploads/2019/07/Codebook-for-Table-4.pdf,FALSE,,
oi,NA,kfr_29,NA,NA,Mean percentile rank (relative to other children in the same year) in the national distribution of household income measured at [age] 29,https://opportunityinsights.org/wp-content/uploads/2019/07/Codebook-for-Table-4.pdf,FALSE,,
oi,NA,kir_stycz,NA,NA,"Baseline kir measure (2014-15 income) as defined above, but restricted to children who live in one of their childhood commuting zones in adulthood",https://opportunityinsights.org/wp-content/uploads/2019/07/Codebook-for-Table-4.pdf,FALSE,,
oi,NA,kir_24,NA,NA,Mean percentile rank (relative to other children in the same year) in the national distribution of individual income measured at [age] 24,https://opportunityinsights.org/wp-content/uploads/2019/07/Codebook-for-Table-4.pdf,FALSE,,
oi,NA,kir_26,NA,NA,Mean percentile rank (relative to other children in the same year) in the national distribution of individual income measured at [age] 26,https://opportunityinsights.org/wp-content/uploads/2019/07/Codebook-for-Table-4.pdf,FALSE,,
oi,NA,kir_29,NA,NA,Mean percentile rank (relative to other children in the same year) in the national distribution of individual income measured at [age] 29,https://opportunityinsights.org/wp-content/uploads/2019/07/Codebook-for-Table-4.pdf,FALSE,,
oi,NA,frac_below_median,NA,NA,Fraction of children with parents who have income below the national median for parents with children in the same birth cohort. Children are weighted by the total number of childhood years spent in the tract.,https://opportunityinsights.org/wp-content/uploads/2019/07/Codebook-for-Table-4.pdf,FALSE,,
oi,NA,frac_years_xw,NA,NA,Mean fraction of possible childhood years (up to age 23) children spent in this tract. This is calculated over children who spent any time in this tract.,https://opportunityinsights.org/wp-content/uploads/2019/07/Codebook-for-Table-4.pdf,FALSE,,
oi,NA,par_rank,NA,NA,Estimated standard error for par_rank_[race]_[gender]_mean,https://opportunityinsights.org/wp-content/uploads/2019/07/Codebook-for-Table-4.pdf,FALSE,,
oi,NA,kid,NA,NA,Count of children under 18 of race [race] and gender [gender] in the tract in 2000 (from publicly available 2000 Decennial Census data),https://opportunityinsights.org/wp-content/uploads/2019/07/Codebook-for-Table-4.pdf,FALSE,,
oi,NA,lpov_nbh,NA,NA,Fraction children who grew up in a given tract and end up living in a tract with a poverty rate of less than 10% (according to tract-level Census 2000 data) in adulthood. Tracts where children live as adults are defined as the tract of the last non-missing address observed on tax returns,https://opportunityinsights.org/wp-content/uploads/2019/07/Codebook-for-Table-4.pdf,FALSE,,
oi,NA,marr_24,NA,NA,Fraction of children who file their federal income tax return as “married filing jointly” or “married filing separate” at [age] 24,https://opportunityinsights.org/wp-content/uploads/2019/07/Codebook-for-Table-4.pdf,FALSE,,
oi,NA,marr_26,NA,NA,Fraction of children who file their federal income tax return as “married filing jointly” or “married filing separate” at [age] 26,https://opportunityinsights.org/wp-content/uploads/2019/07/Codebook-for-Table-4.pdf,FALSE,,
oi,NA,marr_29,NA,NA,Fraction of children who file their federal income tax return as “married filing jointly” or “married filing separate” at [age] 29,https://opportunityinsights.org/wp-content/uploads/2019/07/Codebook-for-Table-4.pdf,FALSE,,
oi,NA,marr_32,NA,NA,Fraction of children who file their federal income tax return as “married filing jointly” or “married filing separate” at [age] 32,https://opportunityinsights.org/wp-content/uploads/2019/07/Codebook-for-Table-4.pdf,FALSE,,
oi,NA,spouse_rk,NA,NA,Mean individual income rank in 2014-15 for the spouses of children who grew up in the given tract. Child’s spouse refers to the person they are married to in 2015,https://opportunityinsights.org/wp-content/uploads/2019/07/Codebook-for-Table-4.pdf,FALSE,,
oi,NA,staycz,NA,NA,Fraction of children who live in one of their childhood commuting zones in adulthood,https://opportunityinsights.org/wp-content/uploads/2019/07/Codebook-for-Table-4.pdf,FALSE,,
oi,NA,work_24,NA,NA,Fraction of children with positive W-2 earnings at [age] 24,https://opportunityinsights.org/wp-content/uploads/2019/07/Codebook-for-Table-4.pdf,FALSE,,
oi,NA,work_26,NA,NA,Fraction of children with positive W-2 earnings at [age] 26,https://opportunityinsights.org/wp-content/uploads/2019/07/Codebook-for-Table-4.pdf,FALSE,,
oi,NA,work_29,NA,NA,Fraction of children with positive W-2 earnings at [age] 29,https://opportunityinsights.org/wp-content/uploads/2019/07/Codebook-for-Table-4.pdf,FALSE,,
oi,NA,work_32,NA,NA,Fraction of children with positive W-2 earnings at [age] 32,https://opportunityinsights.org/wp-content/uploads/2019/07/Codebook-for-Table-4.pdf,FALSE,,
oi,NA,coll,NA,NA,Fraction of children who have a four yearcollege degree (among children who received ACS or 2000 Census long form at age 25+),https://opportunityinsights.org/wp-content/uploads/2019/07/Codebook-for-Table-5.pdf,FALSE,,
oi,NA,comcoll,NA,NA,Fraction of children who have at least a community college degree (among children who received the ACS or the 2000 Census long form at age 25+),https://opportunityinsights.org/wp-content/uploads/2019/07/Codebook-for-Table-5.pdf,FALSE,,
oi,NA,grad,NA,NA,Fraction of children who have a graduate degree (among children who received the ACS or the 2000 long form at age 30+),https://opportunityinsights.org/wp-content/uploads/2019/07/Codebook-for-Table-5.pdf,FALSE,,
oi,NA,hours_wk,NA,NA,"Mean weekly hours child worked in the 12 months before they were surveyed (among children who received ACS at age 30+) = hours worked per week * weeks worked in [year] /  51, where 51 is the maximum “weeks” worked in the ACS (since top bin is 50-52). = 0(for those who do not work)",https://opportunityinsights.org/wp-content/uploads/2019/07/Codebook-for-Table-5.pdf,FALSE,,
oi,NA,pos_hours,NA,NA,Fraction of children with positive hours worked in the 12 months before being surveyed (among children who received the ACS at age 30+),https://opportunityinsights.org/wp-content/uploads/2019/07/Codebook-for-Table-5.pdf,FALSE,,
oi,NA,proginc,NA,NA,Fraction of children who receive public assistance income (among children who received the ACS at age 30+),https://opportunityinsights.org/wp-content/uploads/2019/07/Codebook-for-Table-5.pdf,FALSE,,
oi,NA,somecoll,NA,NA,Fraction of children having at least some college experience (among children who received the ACS or 2000 long form at age 25+),https://opportunityinsights.org/wp-content/uploads/2019/07/Codebook-for-Table-5.pdf,FALSE,,
oi,NA,wgflx_rk,NA,NA,"Hourly wage rank, computed within child birth year and year of ACS receipt (among children who received the ACS at age 30+)= annual labor income / (weekly hours worked * weeks worked per year) = missing for those who do not work",https://opportunityinsights.org/wp-content/uploads/2019/07/Codebook-for-Table-5.pdf,FALSE,,
oi_covar,NA,frac_coll_plus,NA,NA,"Number of people aged 25 or older who have a bachelor's degree, master's degree, professional school degree, or doctorate degree, divided by the total number of people aged 25 or older in a tract.  We use the 2000 Census to obtain the estimate for 2000, and the 2006-2010 ACS to obtain the estimate for 2010.",https://opportunityinsights.org/wp-content/uploads/2019/07/Codebook-for-Table-9.pdf,FALSE,,
oi_covar,NA,frac_coll_plus2000,NA,NA,"Number of people aged 25 or older who have a bachelor's degree, master's degree, professional school degree, or doctorate degree, divided by the total number of people aged 25 or older in a tract.  We use the 2000 Census to obtain the estimate for 2000, and the 2006-2010 ACS to obtain the estimate for 2010.",https://opportunityinsights.org/wp-content/uploads/2019/07/Codebook-for-Table-9.pdf,FALSE,,
oi_covar,NA,frac_coll_plus2010,NA,NA,"Number of people aged 25 or older who have a bachelor's degree, master's degree, professional school degree, or doctorate degree, divided by the total number of people aged 25 or older in a tract.  We use the 2000 Census to obtain the estimate for 2000, and the 2006-2010 ACS to obtain the estimate for 2010.",https://opportunityinsights.org/wp-content/uploads/2019/07/Codebook-for-Table-9.pdf,FALSE,,
oi_covar,NA,foreign_share2010,NA,NA,Number of foreign born residents in the 2010 Census divided by the sum of native and foreign born residents. Obtained from the ACS 2006-2010,https://opportunityinsights.org/wp-content/uploads/2019/07/Codebook-for-Table-9.pdf,FALSE,,
oi_covar,NA,med_hhinc1990,NA,NA,"Median household income. The data for 1990 is measured in the 1990 Census, while the data for 2016 comes from the 2012-2016 American Community Survey.",https://opportunityinsights.org/wp-content/uploads/2019/07/Codebook-for-Table-9.pdf,FALSE,,
oi_covar,NA,med_hhinc2016,NA,NA,"Median household income. The data for 1990 is measured in the 1990 Census, while the data for 2016 comes from the 2012-2016 American Community Survey.",https://opportunityinsights.org/wp-content/uploads/2019/07/Codebook-for-Table-9.pdf,FALSE,,
oi_covar,NA,popdensity2000,NA,NA,"Number of residents per square mile, calculated by dividing the total tract level population in the Decennial Census from 2000 and 2010 with tract land area given in square miles from the 2010 Census Gazetteer Files",https://opportunityinsights.org/wp-content/uploads/2019/07/Codebook-for-Table-9.pdf,FALSE,,
oi_covar,NA,popdensity2010,NA,NA,"Number of residents per square mile, calculated by dividing the total tract level population in the Decennial Census from 2000 and 2010 with tract land area given in square miles from the 2010 Census Gazetteer Files",https://opportunityinsights.org/wp-content/uploads/2019/07/Codebook-for-Table-9.pdf,FALSE,,
oi_covar,NA,poor_share2010,NA,NA,"Share of individuals in the tract below the federal poverty line, measured in the decennial Census of the relevant year for the 1990 and 2000 estimates, and measured in the 2006-2010 ACS for the 2010 estimate.",https://opportunityinsights.org/wp-content/uploads/2019/07/Codebook-for-Table-9.pdf,FALSE,,
oi_covar,NA,poor_share2000,NA,NA,"Share of individuals in the tract below the federal poverty line, measured in the decennial Census of the relevant year for the 1990 and 2000 estimates, and measured in the 2006-2010 ACS for the 2010 estimate.",https://opportunityinsights.org/wp-content/uploads/2019/07/Codebook-for-Table-9.pdf,FALSE,,
oi_covar,NA,poor_share1990,NA,NA,"Share of individuals in the tract below the federal poverty line, measured in the decennial Census of the relevant year for the 1990 and 2000 estimates, and measured in the 2006-2010 ACS for the 2010 estimate.",https://opportunityinsights.org/wp-content/uploads/2019/07/Codebook-for-Table-9.pdf,FALSE,,
oi_covar,NA,share_white2010,NA,NA,Racial Shares in the decennial Census. All races (except Hispanic) exclude Hispanics and Latinos,https://opportunityinsights.org/wp-content/uploads/2019/07/Codebook-for-Table-9.pdf,FALSE,,
oi_covar,NA,share_black2010,NA,NA,Racial Shares in the decennial Census. All races (except Hispanic) exclude Hispanics and Latinos,https://opportunityinsights.org/wp-content/uploads/2019/07/Codebook-for-Table-9.pdf,FALSE,,
oi_covar,NA,share_hisp2010,NA,NA,Racial Shares in the decennial Census. All races (except Hispanic) exclude Hispanics and Latinos,https://opportunityinsights.org/wp-content/uploads/2019/07/Codebook-for-Table-9.pdf,FALSE,,
oi_covar,NA,share_asian2010,NA,NA,Racial Shares in the decennial Census. All races (except Hispanic) exclude Hispanics and Latinos,https://opportunityinsights.org/wp-content/uploads/2019/07/Codebook-for-Table-9.pdf,FALSE,,
oi_covar,NA,share_black2000,NA,NA,Racial Shares in the decennial Census. All races (except Hispanic) exclude Hispanics and Latinos,https://opportunityinsights.org/wp-content/uploads/2019/07/Codebook-for-Table-9.pdf,FALSE,,
oi_covar,NA,share_white2000,NA,NA,Racial Shares in the decennial Census. All races (except Hispanic) exclude Hispanics and Latinos,https://opportunityinsights.org/wp-content/uploads/2019/07/Codebook-for-Table-9.pdf,FALSE,,
oi_covar,NA,share_hisp2000,NA,NA,Racial Shares in the decennial Census. All races (except Hispanic) exclude Hispanics and Latinos,https://opportunityinsights.org/wp-content/uploads/2019/07/Codebook-for-Table-9.pdf,FALSE,,
oi_covar,NA,share_asian2000,NA,NA,Racial Shares in the decennial Census. All races (except Hispanic) exclude Hispanics and Latinos,https://opportunityinsights.org/wp-content/uploads/2019/07/Codebook-for-Table-9.pdf,FALSE,,
oi_covar,NA,gsmn_math_g3_2013,NA,NA,Mean 3rd grade math test scores in 2013. Obtained from the Stanford Education Data Archive and measured at the district level. We create a crosswalk from districts to tracts by weighting by the proportion of land area that a given school district covers in a tract.,https://opportunityinsights.org/wp-content/uploads/2019/07/Codebook-for-Table-9.pdf,FALSE,,
oi_covar,NA,rent_twobed2015,NA,NA,The median gross rent for renter-occupied housing units with two bedrooms that pay cash rent (from the 2011-2015 ACS),https://opportunityinsights.org/wp-content/uploads/2019/07/Codebook-for-Table-9.pdf,FALSE,,
oi_covar,NA,singleparent_share2010,NA,NA,"The number of households with females heads (and no husband present) or male heads (and no wife present) with own children under 18 years old present divided by the total number of households with own children present (1990 and 2000 estimates are from the decennial Census, and the 2010 estimate is from the 2006-2010 estimate).",https://opportunityinsights.org/wp-content/uploads/2019/07/Codebook-for-Table-9.pdf,FALSE,,
oi_covar,NA,singleparent_share1990,NA,NA,"The number of households with females heads (and no husband present) or male heads (and no wife present) with own children under 18 years old present divided by the total number of households with own children present (1990 and 2000 estimates are from the decennial Census, and the 2010 estimate is from the 2006-2010 estimate).",https://opportunityinsights.org/wp-content/uploads/2019/07/Codebook-for-Table-9.pdf,FALSE,,
oi_covar,NA,singleparent_share2000,NA,NA,"The number of households with females heads (and no husband present) or male heads (and no wife present) with own children under 18 years old present divided by the total number of households with own children present (1990 and 2000 estimates are from the decennial Census, and the 2010 estimate is from the 2006-2010 estimate).",https://opportunityinsights.org/wp-content/uploads/2019/07/Codebook-for-Table-9.pdf,FALSE,,
oi_covar,NA,traveltime15_2010,NA,NA,Share of workers 16 years and over who do not work at home whose commute is shorter than 15 minutes. Measured in the 2006-2010 ACS.,https://opportunityinsights.org/wp-content/uploads/2019/07/Codebook-for-Table-9.pdf,FALSE,,
oi_covar,NA,emp2000,NA,NA,The rate of employment computed as total employed population (the sum of employed females and employed males) divided by the total population 16 years and over. Obtained from 2000 Decennial Census,https://opportunityinsights.org/wp-content/uploads/2019/07/Codebook-for-Table-9.pdf,FALSE,,
oi_covar,NA,mail_return_rate2010,NA,NA,"The 2010 Census return rate, measured as the number of 2010 Census mail forms completed and returned over the number of valid occupied housing units where a Census form was expected to be delivered for mail return to Census. Taken from the Census planning database.",https://opportunityinsights.org/wp-content/uploads/2019/07/Codebook-for-Table-9.pdf,FALSE,,
oi_covar,NA,ln_wage_growth_hs_grad,NA,NA,Wage growth for high school graduates. Wages are constructed by dividing the average high school graduate annual earnings by the product of overall average weekly hours worked and 52. High school graduate wage growth is then computed as the difference in logarithms between high school graduate wages in 2010-2014 and school graduate wages in 2005-2009. Wages are measured in the 2005-2009 and 2010-2014 American Community Surveys.,https://opportunityinsights.org/wp-content/uploads/2019/07/Codebook-for-Table-9.pdf,FALSE,,
oi_covar,NA,jobs_total_5mi_2015,NA,NA,Total number of jobs in own and neighboring tracts whose centroids fall within a radius of 5 miles from own tract centroid. Constructed using information from the Workplace Area Characteristics (WAC) data files in the LEHD Origin-Destination Employment Statistics (LODES) provided by the Census Bureau.,https://opportunityinsights.org/wp-content/uploads/2019/07/Codebook-for-Table-9.pdf,FALSE,,
oi_covar,NA,jobs_highpay_5mi_2015,NA,NA,"Number of jobs with earnings greater than $3,333 per month in own and neighboring tracts whose centroids fall within a radius of 5 miles from own tract centroid. Constructed using LODES - WAC data files provided by the Census Bureau.",https://opportunityinsights.org/wp-content/uploads/2019/07/Codebook-for-Table-9.pdf,FALSE,,
oi_covar,NA,ann_avg_job_growth_2004_2013,NA,NA,Average annualized job growth rate over the time period 2004 to 2013. Constructed using LODES - WAC data files provided by the Census Bureau. Data unavailable for Massachusetts and Washington D.C.,https://opportunityinsights.org/wp-content/uploads/2019/07/Codebook-for-Table-9.pdf,FALSE,,
oi_covar,NA,job_density_2013,NA,NA,Number of jobs per square mile in each tract. Constructed using LODES - WAC data files provided by the Census Bureau.,https://opportunityinsights.org/wp-content/uploads/2019/07/Codebook-for-Table-9.pdf,FALSE,,
oi_covar,NA,hhinc_mean2000,NA,NA,Mean household income. Obtained from 2000 Decennial Census.,https://opportunityinsights.org/wp-content/uploads/2019/07/Codebook-for-Table-9.pdf,FALSE,,
oi_covar,NA,mean_commutetime2000,NA,NA,"Mean commute time for workers over 16 years old in the tract, as measured in the 2000 Decennial Census.",https://opportunityinsights.org/wp-content/uploads/2019/07/Codebook-for-Table-9.pdf,FALSE,,
acs_5,NA,below_poverty_moe,NA,NA,The proportion of the population whose income in the past 12 months was below poverty level,NA,FALSE,,
acs_5,NA,disability_moe,NA,NA,The margin of error for the estimated number of individuals with a disability,NA,FALSE,,
acs_5,NA,no_insurance_moe,NA,NA,The margin of error for the estimated number of individuals with no health insurance coverage,NA,FALSE,,
covid_cu,NA,report_2.5,NA,NA,Projected 2.5% percentile of daily confirmed (documented) cases for scenario: 95% reduction of cross-county mobility,NA,FALSE,,
covid_cu,NA,report_25,NA,NA,Projected 25% percentile of daily confirmed (documented) cases for scenario: 95% reduction of cross-county mobility,NA,FALSE,,
covid_cu,NA,report_75,NA,NA,Projected 75% percentile of daily confirmed (documented) cases for scenario: 95% reduction of cross-county mobility,NA,FALSE,,
covid_cu,NA,report_97.5,NA,NA,Projected 97.5% percentile of daily confirmed (documented) cases for scenario: 95% reduction of cross-county mobility,NA,FALSE,,
covid_cu,NA,report_median,NA,NA,Projected median of daily confirmed (documented) cases for scenario: 95% reduction of cross-county mobility,NA,FALSE,,
covid_cu,NA,total_2.5,NA,NA,Projected 2.5% percentile of daily infected (both documented and undocumented) cases for scenario: 95% reduction of cross-county mobility,NA,FALSE,,
covid_cu,NA,total_25,NA,NA,Projected 25% percentile of daily infected (both documented and undocumented) cases for scenario: 95% reduction of cross-county mobility,NA,FALSE,,
covid_cu,NA,total_median,NA,NA,Projected median of daily infected (both documented and undocumented) case for scenario: 95% reduction of cross-county mobility,NA,FALSE,,
covid_cu,NA,report_2.5,NA,NA,Projected 2.5% percentile of daily confirmed (documented) cases for scenario: 50% reduction of contact rate,NA,FALSE,,
covid_cu,NA,report_25,NA,NA,Projected 25% percentile of daily confirmed (documented) cases for scenario: 50% reduction of contact rate,NA,FALSE,,
covid_cu,NA,report_75,NA,NA,Projected 75% percentile of daily confirmed (documented) cases for scenario: 50% reduction of contact rate,NA,FALSE,,
covid_cu,NA,report_97.5,NA,NA,Projected 97.5% percentile of daily confirmed (documented) cases for scenario: 50% reduction of contact rate,NA,FALSE,,
covid_cu,NA,report_median,NA,NA,Projected median of daily confirmed (documented) cases for scenario: 50% reduction of contact rate,NA,FALSE,,
covid_cu,NA,total_2.5,NA,NA,Projected 2.5% percentile of daily infected (both documented and undocumented) cases for scenario: 50% reduction of contact rate,NA,FALSE,,
covid_cu,NA,total_25,NA,NA,Projected 25% percentile of daily infected (both documented and undocumented) cases for scenario: 50% reduction of contact rate,NA,FALSE,,
covid_cu,NA,total_75,NA,NA,Projected 75% percentile of daily infected (both documented and undocumented) cases for scenario: 50% reduction of contact rate,NA,FALSE,,
covid_cu,NA,total_97.5,NA,NA,Projected 97.5% percentile of daily infected (both documented and undocumented) case for scenario: 50% reduction of contact rate,NA,FALSE,,
covid_cu,NA,report_2.5,NA,NA,Projected 2.5% percentile of daily confirmed (documented) cases for scenario: 25% reduction of contact rate,NA,FALSE,,
covid_cu,NA,report_25,NA,NA,Projected 25% percentile of daily confirmed (documented) cases for scenario: 25% reduction of contact rate,NA,FALSE,,
covid_cu,NA,report_75,NA,NA,Projected 75% percentile of daily confirmed (documented) cases for scenario: 25% reduction of contact rate,NA,FALSE,,
covid_cu,NA,report_97.5,NA,NA,Projected 97.5% percentile of daily confirmed (documented) cases for scenario: 25% reduction of contact rate,NA,FALSE,,
covid_cu,NA,report_median,NA,NA,Projected median of daily confirmed (documented) cases for scenario: 25% reduction of contact rate,NA,FALSE,,
covid_cu,NA,total_2.5,NA,NA,Projected 2.5% percentile of daily infected (both documented and undocumented) cases for scenario: 25% reduction of contact rate,NA,FALSE,,
covid_cu,NA,total_25,NA,NA,Projected 25% percentile of daily infected (both documented and undocumented) cases for scenario: 25% reduction of contact rate,NA,FALSE,,
covid_cu,NA,total_75,NA,NA,Projected 75% percentile of daily infected (both documented and undocumented) cases for scenario: 25% reduction of contact rate,NA,FALSE,,
covid_cu,NA,total_97.5,NA,NA,Projected 97.5% percentile of daily infected (both documented and undocumented) case for scenario: 25% reduction of contact rate,NA,FALSE,,
covid_cu,NA,report_2.5,NA,NA,Projected 2.5% percentile of daily confirmed (documented) cases for scenario: No Intervention,NA,FALSE,,
covid_cu,NA,report_25,NA,NA,Projected 25% percentile of daily confirmed (documented) cases for scenario: No Intervention,NA,FALSE,,
covid_cu,NA,report_75,NA,NA,Projected 75% percentile of daily confirmed (documented) cases for scenario: No Intervention,NA,FALSE,,
covid_cu,NA,report_97.5,NA,NA,Projected 97.5% percentile of daily confirmed (documented) cases for scenario: No Intervention,NA,FALSE,,
covid_cu,NA,report_median,NA,NA,Projected median of daily confirmed (documented) cases for scenario: No Intervention,NA,FALSE,,
covid_cu,NA,total_2.5,NA,NA,Projected 2.5% percentile of daily infected (both documented and undocumented) cases for scenario: No Intervention,NA,FALSE,,
covid_cu,NA,total_25,NA,NA,Projected 25% percentile of daily infected (both documented and undocumented) cases for scenario: No Intervention,NA,FALSE,,
covid_cu,NA,total_75,NA,NA,Projected 75% percentile of daily infected (both documented and undocumented) cases for scenario: No Intervention,NA,FALSE,,
covid_cu,NA,total_97.5,NA,NA,Projected 97.5% percentile of daily infected (both documented and undocumented) case for scenario: No Intervention,NA,FALSE,,
covid_cu,NA,total_median,NA,NA,Projected median of daily infected (both documented and undocumented) case for scenario: No Intervention,NA,FALSE,,
svi,NA,area_sqmi,area_sqmi,NA,Tract area in square miles,https://svi.cdc.gov/Documents/Data/2018_SVI_Data/SVI2018Documentation.pdf,FALSE,,
svi,NA,m_totpop,NA,NA,"Population estimate MOE, 2014-2018 ACS",https://svi.cdc.gov/Documents/Data/2018_SVI_Data/SVI2018Documentation.pdf,FALSE,,
svi,NA,e_hu,NA,NA,"Housing units estimate, 2014-2018 ACS",https://svi.cdc.gov/Documents/Data/2018_SVI_Data/SVI2018Documentation.pdf,FALSE,,
svi,NA,m_hu,NA,NA,"Housing units estimate MOE, 2014-2018 ACS",https://svi.cdc.gov/Documents/Data/2018_SVI_Data/SVI2018Documentation.pdf,FALSE,,
svi,NA,e_hh,NA,NA,"Households estimate, 2014-2018 ACS",https://svi.cdc.gov/Documents/Data/2018_SVI_Data/SVI2018Documentation.pdf,FALSE,,
svi,NA,m_hh,NA,NA,"Households estimate MOE, 2014-2018 ACS",https://svi.cdc.gov/Documents/Data/2018_SVI_Data/SVI2018Documentation.pdf,FALSE,,
svi,NA,e_pov,NA,NA,"Persons below poverty estimate, 2014-2018 ACS",https://svi.cdc.gov/Documents/Data/2018_SVI_Data/SVI2018Documentation.pdf,FALSE,,
svi,NA,m_pov,NA,NA,"Persons below poverty estimate MOE, 2014-2018 ACS",https://svi.cdc.gov/Documents/Data/2018_SVI_Data/SVI2018Documentation.pdf,FALSE,,
svi,NA,e_unemp,NA,NA,"Civilian (age 16+) unemployed estimate, 2014-2018 ACS",https://svi.cdc.gov/Documents/Data/2018_SVI_Data/SVI2018Documentation.pdf,FALSE,,
svi,NA,m_unemp,NA,NA,"Civilian (age 16+) unemployed estimate MOE, 2014-2018 ACS",https://svi.cdc.gov/Documents/Data/2018_SVI_Data/SVI2018Documentation.pdf,FALSE,,
svi,NA,e_pci,per_capita_income,NA,Per capita income estimate,https://svi.cdc.gov/Documents/Data/2018_SVI_Data/SVI2018Documentation.pdf,FALSE,,
svi,NA,m_pci,NA,NA,Per capita income estimate MOE,https://svi.cdc.gov/Documents/Data/2018_SVI_Data/SVI2018Documentation.pdf,FALSE,,
svi,NA,e_nohsdp,NA,NA,Persons (age 25+) with no high school diploma estimate,https://svi.cdc.gov/Documents/Data/2018_SVI_Data/SVI2018Documentation.pdf,FALSE,,
svi,NA,m_nohsdp,NA,NA,Persons (age 25+) with no high school diploma estimate MOE,https://svi.cdc.gov/Documents/Data/2018_SVI_Data/SVI2018Documentation.pdf,FALSE,,
svi,NA,e_age65,NA,NA,Persons aged 65 and older estimate,https://svi.cdc.gov/Documents/Data/2018_SVI_Data/SVI2018Documentation.pdf,FALSE,,
svi,NA,m_age65,NA,NA,Persons aged 65 and older estimate MOE,https://svi.cdc.gov/Documents/Data/2018_SVI_Data/SVI2018Documentation.pdf,FALSE,,
svi,NA,e_age17,NA,NA,Persons aged 17 and younger estimate,https://svi.cdc.gov/Documents/Data/2018_SVI_Data/SVI2018Documentation.pdf,FALSE,,
svi,NA,m_age17,NA,NA,Persons aged 17 and younger estimate MOE,https://svi.cdc.gov/Documents/Data/2018_SVI_Data/SVI2018Documentation.pdf,FALSE,,
svi,NA,e_disabl,NA,NA,Civilian noninstitutionalized population with a disability estimate,https://svi.cdc.gov/Documents/Data/2018_SVI_Data/SVI2018Documentation.pdf,FALSE,,
svi,NA,m_disabl,NA,NA,Civilian noninstitutionalized population with a disability estimate MOE,https://svi.cdc.gov/Documents/Data/2018_SVI_Data/SVI2018Documentation.pdf,FALSE,,
svi,NA,e_sngpnt,NA,NA,Single parent household with children under 18 estimate,https://svi.cdc.gov/Documents/Data/2018_SVI_Data/SVI2018Documentation.pdf,FALSE,,
svi,NA,m_sngpnt,NA,NA,Single parent household with children under 18 estimate MOE,https://svi.cdc.gov/Documents/Data/2018_SVI_Data/SVI2018Documentation.pdf,FALSE,,
svi,NA,e_minrty,NA,NA,"Minority (all persons except white, non-Hispanic) estimate",https://svi.cdc.gov/Documents/Data/2018_SVI_Data/SVI2018Documentation.pdf,FALSE,,
svi,NA,m_minrty,NA,NA,"Minority (all persons except white, non-Hispanic) estimate MOE",https://svi.cdc.gov/Documents/Data/2018_SVI_Data/SVI2018Documentation.pdf,FALSE,,
svi,NA,e_limeng,NA,NA,"Persons (age 5+) who speak English ""less than well"" estimate",https://svi.cdc.gov/Documents/Data/2018_SVI_Data/SVI2018Documentation.pdf,FALSE,,
svi,NA,m_limeng,NA,NA,"Persons (age 5+) who speak English ""less than well"" estimate MOE",https://svi.cdc.gov/Documents/Data/2018_SVI_Data/SVI2018Documentation.pdf,FALSE,,
svi,NA,e_munit,NA,NA,Housing in structures with 10 or more units estimate,https://svi.cdc.gov/Documents/Data/2018_SVI_Data/SVI2018Documentation.pdf,FALSE,,
svi,NA,m_munit,NA,NA,Housing in structures with 10 or more units estimate MOE,https://svi.cdc.gov/Documents/Data/2018_SVI_Data/SVI2018Documentation.pdf,FALSE,,
svi,NA,e_mobile,NA,NA,Mobile homes estimate,https://svi.cdc.gov/Documents/Data/2018_SVI_Data/SVI2018Documentation.pdf,FALSE,,
svi,NA,m_mobile,NA,NA,Mobile homes estimate MOE,https://svi.cdc.gov/Documents/Data/2018_SVI_Data/SVI2018Documentation.pdf,FALSE,,
svi,NA,e_crowd,NA,NA,"At household level (occupied housing units), more people than rooms estimate",https://svi.cdc.gov/Documents/Data/2018_SVI_Data/SVI2018Documentation.pdf,FALSE,,
svi,NA,m_crowd,NA,NA,"At household level (occupied housing units), more people than rooms estimate MOE",https://svi.cdc.gov/Documents/Data/2018_SVI_Data/SVI2018Documentation.pdf,FALSE,,
svi,NA,e_noveh,homes_no_vehicle,NA,Households with no vehicle available estimate,https://svi.cdc.gov/Documents/Data/2018_SVI_Data/SVI2018Documentation.pdf,FALSE,,
svi,NA,m_noveh,NA,NA,Households with no vehicle available estimate MOE,https://svi.cdc.gov/Documents/Data/2018_SVI_Data/SVI2018Documentation.pdf,FALSE,,
svi,NA,e_groupq,NA,NA,Persons in institutionalized group quarters estimate,https://svi.cdc.gov/Documents/Data/2018_SVI_Data/SVI2018Documentation.pdf,FALSE,,
svi,NA,m_groupq,NA,NA,Persons in institutionalized group quarters estimate MOE,https://svi.cdc.gov/Documents/Data/2018_SVI_Data/SVI2018Documentation.pdf,FALSE,,
svi,NA,ep_pov,NA,NA,Percentage of persons below poverty estimate,https://svi.cdc.gov/Documents/Data/2018_SVI_Data/SVI2018Documentation.pdf,FALSE,,
svi,NA,ep_unemp,NA,NA,Unemployment Rate estimate,https://svi.cdc.gov/Documents/Data/2018_SVI_Data/SVI2018Documentation.pdf,FALSE,,
svi,NA,mp_unemp,NA,NA,Unemployment Rate estimate MOE,https://svi.cdc.gov/Documents/Data/2018_SVI_Data/SVI2018Documentation.pdf,FALSE,,
svi,NA,ep_pci,per_capita_income,NA,Per capita income estimate,https://svi.cdc.gov/Documents/Data/2018_SVI_Data/SVI2018Documentation.pdf,FALSE,,
svi,NA,mp_pci,NA,NA,Per capita income estimate MOE,https://svi.cdc.gov/Documents/Data/2018_SVI_Data/SVI2018Documentation.pdf,FALSE,,
svi,NA,ep_nohsdp,NA,NA,Percentage of persons with no high school diploma (age 25+) estimate,https://svi.cdc.gov/Documents/Data/2018_SVI_Data/SVI2018Documentation.pdf,FALSE,,
svi,NA,mp_nohsdp,NA,NA,Percentage of persons with no high school diploma (25+) estimate MOE,https://svi.cdc.gov/Documents/Data/2018_SVI_Data/SVI2018Documentation.pdf,FALSE,,
svi,NA,mp_age65,NA,NA,Percentage of persons aged 65 and older estimate MOE,https://svi.cdc.gov/Documents/Data/2018_SVI_Data/SVI2018Documentation.pdf,FALSE,,
svi,NA,mp_age17,NA,NA,Percentage of persons aged 17 and younger estimate MOE,https://svi.cdc.gov/Documents/Data/2018_SVI_Data/SVI2018Documentation.pdf,FALSE,,
svi,NA,mp_disabl,NA,NA,Percentage of civilian noninstitutionalized population with a disability estimate MOE,https://svi.cdc.gov/Documents/Data/2018_SVI_Data/SVI2018Documentation.pdf,FALSE,,
svi,NA,ep_sngpnt,single_parent_frac,Percentage of single parent households estimate,Percentage of single parent households with children under 18 estimate,https://svi.cdc.gov/Documents/Data/2018_SVI_Data/SVI2018Documentation.pdf,FALSE,,
svi,NA,mp_sngpnt,NA,NA,Percentage of single parent households with children under 18 estimate MOE,https://svi.cdc.gov/Documents/Data/2018_SVI_Data/SVI2018Documentation.pdf,FALSE,,
svi,NA,mp_minrty,NA,NA,"Percentage minority (all persons except white, non-Hispanic) estimate MOE",https://svi.cdc.gov/Documents/Data/2018_SVI_Data/SVI2018Documentation.pdf,FALSE,,
svi,NA,ep_limeng,NA,NA,"Percentage of persons (age 5+) who speak English ""less than well"" estimate",https://svi.cdc.gov/Documents/Data/2018_SVI_Data/SVI2018Documentation.pdf,FALSE,,
svi,NA,mp_limeng,NA,NA,"Percentage of persons (age 5+) who speak English ""less than well"" estimate MOE",https://svi.cdc.gov/Documents/Data/2018_SVI_Data/SVI2018Documentation.pdf,FALSE,,
svi,NA,ep_munit,NA,NA,Percentage of housing in structures with 10 or more units estimate,https://svi.cdc.gov/Documents/Data/2018_SVI_Data/SVI2018Documentation.pdf,FALSE,,
svi,NA,mp_munit,NA,NA,Percentage of housing in structures with 10 or more units estimate MOE,https://svi.cdc.gov/Documents/Data/2018_SVI_Data/SVI2018Documentation.pdf,FALSE,,
svi,NA,ep_mobile,mobile_homes_frac,Percentage of mobile homes estimate,Percentage of mobile homes estimate,https://svi.cdc.gov/Documents/Data/2018_SVI_Data/SVI2018Documentation.pdf,FALSE,,
svi,NA,mp_mobile,NA,NA,Percentage of mobile homes estimate MOE,https://svi.cdc.gov/Documents/Data/2018_SVI_Data/SVI2018Documentation.pdf,FALSE,,
svi,NA,ep_crowd,homes_more_people_than_rooms_frac,"Percentage of
occupied
housing units
with more
people than
rooms
estimate",Percentage of occupied housing units with more people than rooms estimate,https://svi.cdc.gov/Documents/Data/2018_SVI_Data/SVI2018Documentation.pdf,FALSE,,
svi,NA,mp_crowd,NA,NA,Percentage of occupied housing units with more people than rooms estimate MOE,https://svi.cdc.gov/Documents/Data/2018_SVI_Data/SVI2018Documentation.pdf,FALSE,,
svi,NA,ep_noveh,no_vehicle_frac,Percentage of households with no vehicle estimate,Percentage of households with no vehicle available estimate,https://svi.cdc.gov/Documents/Data/2018_SVI_Data/SVI2018Documentation.pdf,FALSE,,
svi,NA,mp_noveh,NA,NA,Percentage of households with no vehicle available estimate MOE,https://svi.cdc.gov/Documents/Data/2018_SVI_Data/SVI2018Documentation.pdf,FALSE,,
svi,NA,ep_groupq,NA,NA,Percentage of persons in institutionalized group quarters estimate,https://svi.cdc.gov/Documents/Data/2018_SVI_Data/SVI2018Documentation.pdf,FALSE,,
svi,NA,mp_groupq,NA,NA,Percentage of persons in institutionalized group quarters estimate MOE,https://svi.cdc.gov/Documents/Data/2018_SVI_Data/SVI2018Documentation.pdf,FALSE,,
svi,NA,epl_pov,NA,NA,Percentile Percentage of persons belowpoverty estimate,https://svi.cdc.gov/Documents/Data/2018_SVI_Data/SVI2018Documentation.pdf,FALSE,,
svi,NA,epl_unemp,NA,NA,Percentile Percentage of civilian (age 16+) unemployed estimate,https://svi.cdc.gov/Documents/Data/2018_SVI_Data/SVI2018Documentation.pdf,FALSE,,
svi,NA,epl_pci,NA,NA,Percentile per capita income estimate,https://svi.cdc.gov/Documents/Data/2018_SVI_Data/SVI2018Documentation.pdf,FALSE,,
svi,NA,epl_nohsdp,NA,NA,Percentile Percentage of persons with no high school diploma (age 25+) estimate,https://svi.cdc.gov/Documents/Data/2018_SVI_Data/SVI2018Documentation.pdf,FALSE,,
svi,NA,spl_theme1,NA,NA,Sum of series for Socioeconomic theme,https://svi.cdc.gov/Documents/Data/2018_SVI_Data/SVI2018Documentation.pdf,FALSE,,
svi,NA,epl_age65,elder_frac,NA,Percentile percentage of persons aged 65 and older estimate,https://svi.cdc.gov/Documents/Data/2018_SVI_Data/SVI2018Documentation.pdf,FALSE,,
svi,NA,epl_age17,youth_frac,Percentage of persons aged 17 and younger,Percentile percentage of persons aged 17 and youngerestimate,https://svi.cdc.gov/Documents/Data/2018_SVI_Data/SVI2018Documentation.pdf,FALSE,,
svi,NA,epl_disabl,NA,NA,Percentile percentage of civilian noninstitutionalized population with a disability estimate,https://svi.cdc.gov/Documents/Data/2018_SVI_Data/SVI2018Documentation.pdf,FALSE,,
svi,NA,epl_sngpnt,NA,NA,Percentile percentage of single parent households with children under 18 estimate,https://svi.cdc.gov/Documents/Data/2018_SVI_Data/SVI2018Documentation.pdf,FALSE,,
svi,NA,spl_theme2,NA,NA,Sum of series for Household Composition theme,https://svi.cdc.gov/Documents/Data/2018_SVI_Data/SVI2018Documentation.pdf,FALSE,,
svi,NA,epl_minrty,NA,NA,"Percentile percentage minority (all persons except white, non-Hispanic) estimate",https://svi.cdc.gov/Documents/Data/2018_SVI_Data/SVI2018Documentation.pdf,FALSE,,
svi,NA,epl_limeng,NA,NA,"Percentile percentage of persons (age 5+) who speak English ""less than well"" estimate",https://svi.cdc.gov/Documents/Data/2018_SVI_Data/SVI2018Documentation.pdf,FALSE,,
svi,NA,spl_theme3,NA,NA,Sum of series for Minority Status/Language theme,https://svi.cdc.gov/Documents/Data/2018_SVI_Data/SVI2018Documentation.pdf,FALSE,,
svi,NA,epl_munit,NA,NA,Percentile percentage housing in structures with 10 or more units estimate,https://svi.cdc.gov/Documents/Data/2018_SVI_Data/SVI2018Documentation.pdf,FALSE,,
svi,NA,epl_mobile,NA,NA,Percentile percentage mobile homes estimate,https://svi.cdc.gov/Documents/Data/2018_SVI_Data/SVI2018Documentation.pdf,FALSE,,
svi,NA,epl_crowd,NA,NA,Percentile percentage households with more people than rooms estimate,https://svi.cdc.gov/Documents/Data/2018_SVI_Data/SVI2018Documentation.pdf,FALSE,,
svi,NA,epl_noveh,NA,NA,Percentile percentage households with no vehicle available estimate,https://svi.cdc.gov/Documents/Data/2018_SVI_Data/SVI2018Documentation.pdf,FALSE,,
svi,NA,epl_groupq,NA,NA,Percentile percentage of persons in institutionalized group quarters estimate,https://svi.cdc.gov/Documents/Data/2018_SVI_Data/SVI2018Documentation.pdf,FALSE,,
svi,NA,spl_theme4,NA,NA,Sum of series for HousingType/Transportation theme,https://svi.cdc.gov/Documents/Data/2018_SVI_Data/SVI2018Documentation.pdf,FALSE,,
svi,NA,spl_themes,NA,NA,Sum of series themes,https://svi.cdc.gov/Documents/Data/2018_SVI_Data/SVI2018Documentation.pdf,FALSE,,
svi,NA,f_pov,NA,NA,Flag -the percentage of persons in poverty is in the 90th percentile,https://svi.cdc.gov/Documents/Data/2018_SVI_Data/SVI2018Documentation.pdf,FALSE,,
svi,NA,f_unemp,NA,NA,Flag -the percentage of civilian unemployed is in the 90th percentile,https://svi.cdc.gov/Documents/Data/2018_SVI_Data/SVI2018Documentation.pdf,FALSE,,
svi,NA,f_pci,NA,NA,Flag -per capita income is in the 90th percentile,https://svi.cdc.gov/Documents/Data/2018_SVI_Data/SVI2018Documentation.pdf,FALSE,,
svi,NA,f_nohsdp,NA,NA,Flag -the percentage of persons with no high school diploma is in the 90th percentile,https://svi.cdc.gov/Documents/Data/2018_SVI_Data/SVI2018Documentation.pdf,FALSE,,
svi,NA,f_theme1,NA,NA,Sum of flags for Socioeconomic Status theme,https://svi.cdc.gov/Documents/Data/2018_SVI_Data/SVI2018Documentation.pdf,FALSE,,
svi,NA,f_age65,NA,NA,Flag -the percentage of persons aged 65 and older is in the 90th percentile,https://svi.cdc.gov/Documents/Data/2018_SVI_Data/SVI2018Documentation.pdf,FALSE,,
svi,NA,f_age17,NA,NA,Flag -the percentage of persons aged 17 and younger is in the 90th percentile,https://svi.cdc.gov/Documents/Data/2018_SVI_Data/SVI2018Documentation.pdf,FALSE,,
svi,NA,f_disabl,NA,NA,Flag -the percentage of persons with a disability is in the 90th percentile,https://svi.cdc.gov/Documents/Data/2018_SVI_Data/SVI2018Documentation.pdf,FALSE,,
svi,NA,f_sngpnt,NA,NA,Flag -the percentage of single parent households is in the 90th percentile,https://svi.cdc.gov/Documents/Data/2018_SVI_Data/SVI2018Documentation.pdf,FALSE,,
svi,NA,f_theme2,NA,NA,Sum of flags for Household,https://svi.cdc.gov/Documents/Data/2018_SVI_Data/SVI2018Documentation.pdf,FALSE,,
svi,NA,f_minrty,NA,NA,Flag -the percentage of minority is in the 90th percentile,https://svi.cdc.gov/Documents/Data/2018_SVI_Data/SVI2018Documentation.pdf,FALSE,,
svi,NA,f_limeng,NA,NA,Flag -the percentage those with limited English is in the 90th percentile,https://svi.cdc.gov/Documents/Data/2018_SVI_Data/SVI2018Documentation.pdf,FALSE,,
svi,NA,f_theme3,NA,NA,Sum of flags for Minority Status/Language theme,https://svi.cdc.gov/Documents/Data/2018_SVI_Data/SVI2018Documentation.pdf,FALSE,,
svi,NA,f_munit,NA,NA,Flag -the percentage of households in multi-unit housing is in the 90th percentile,https://svi.cdc.gov/Documents/Data/2018_SVI_Data/SVI2018Documentation.pdf,FALSE,,
svi,NA,f_mobile,NA,NA,Flag -the percentage of mobile homes is in the 90th percentile,https://svi.cdc.gov/Documents/Data/2018_SVI_Data/SVI2018Documentation.pdf,FALSE,,
svi,NA,f_crowd,NA,NA,Flag -the percentage of crowded households is in the 90th percentile,https://svi.cdc.gov/Documents/Data/2018_SVI_Data/SVI2018Documentation.pdf,FALSE,,
svi,NA,f_noveh,NA,NA,Flag -the percentage of households with no vehicles is in the 90th percentile,https://svi.cdc.gov/Documents/Data/2018_SVI_Data/SVI2018Documentation.pdf,FALSE,,
svi,NA,f_groupq,NA,NA,Flag -the percentage of persons in institutionalized group quarters is in the 90th percentile,https://svi.cdc.gov/Documents/Data/2018_SVI_Data/SVI2018Documentation.pdf,FALSE,,
svi,NA,f_theme4,NA,NA,Sum of flags for HousingType/Transportation theme,https://svi.cdc.gov/Documents/Data/2018_SVI_Data/SVI2018Documentation.pdf,FALSE,,
svi,NA,f_total,NA,NA,Sum of flags for the four themes,https://svi.cdc.gov/Documents/Data/2018_SVI_Data/SVI2018Documentation.pdf,FALSE,,
svi,NA,e_uninsur,NA,NA,Adjunct variable -Uninsured in the total civilian noninstitutionalized population estimate,https://svi.cdc.gov/Documents/Data/2018_SVI_Data/SVI2018Documentation.pdf,FALSE,,
svi,NA,m_uninsur,NA,NA,Adjunct variable -Uninsured in the total civilian noninstitutionalized population estimate MOE,https://svi.cdc.gov/Documents/Data/2018_SVI_Data/SVI2018Documentation.pdf,FALSE,,
svi,NA,mp_uninsur,NA,NA,Adjunct variable -Percentage uninsured in the total civilian noninstitutionalized population estimate MOE,https://svi.cdc.gov/Documents/Data/2018_SVI_Data/SVI2018Documentation.pdf,FALSE,,
svi,NA,e_daypop,NA,NA,Adjunct variable -Estimated daytime population,https://svi.cdc.gov/Documents/Data/2018_SVI_Data/SVI2018Documentation.pdf,FALSE,,
evict,NA,eviction_filings,NA,NA,"All eviction cases filed in an area, including multiple cases filed against the same address in the same year",https://eviction-lab-data-downloads.s3.amazonaws.com/DATA_DICTIONARY.txt,FALSE,,
evict,NA,low_flag,NA,NA,Boolean variable indicating whether the eviction numbers are estimated to be lower than they are in reality. Based on county estimates for tracts and block groups,https://eviction-lab-data-downloads.s3.amazonaws.com/DATA_DICTIONARY.txt,FALSE,,
evict,NA,imputed,NA,NA,Boolean variable indicating whether eviction numbers and renter-occupied-households were imputed,https://eviction-lab-data-downloads.s3.amazonaws.com/DATA_DICTIONARY.txt,FALSE,,
evict,NA,subbed,NA,NA,Boolean variable indicating whether eviction numbers and renter-occupied-households were pulled from another source other than Eviction Lab sources,https://eviction-lab-data-downloads.s3.amazonaws.com/DATA_DICTIONARY.txt,FALSE,,
lodes_rac,NA,ca01_n,NA,NA,Number of jobs for workers age 29 or younger,https://lehd.ces.census.gov/data/lodes/LODES7/LODESTechDoc7.4.pdf,FALSE,,
lodes_rac,NA,ca02_n,NA,NA,Number of jobs for workers age 30 to 54,https://lehd.ces.census.gov/data/lodes/LODES7/LODESTechDoc7.4.pdf,FALSE,,
lodes_rac,NA,ca03_n,NA,NA,Number of jobs for workers age 55 or older,https://lehd.ces.census.gov/data/lodes/LODES7/LODESTechDoc7.4.pdf,FALSE,,
lodes_rac,NA,ce02_n,NA,NA,Number of jobs with earnings $1251/month to $3333/month,https://lehd.ces.census.gov/data/lodes/LODES7/LODESTechDoc7.4.pdf,FALSE,,
lodes_rac,NA,cns01_n,NA,NA,"Number of jobs in NAICS sector 11 (Agriculture, Forestry, Fishing and Hunting)",https://lehd.ces.census.gov/data/lodes/LODES7/LODESTechDoc7.4.pdf,FALSE,,
lodes_rac,NA,cns02_n,NA,NA,"Number of jobs in NAICS sector 21 (Mining, Quarrying, and Oil and Gas Extraction)",https://lehd.ces.census.gov/data/lodes/LODES7/LODESTechDoc7.4.pdf,FALSE,,
lodes_rac,NA,cns03_n,NA,NA,Number of jobs in NAICS sector 22 (Utilities),https://lehd.ces.census.gov/data/lodes/LODES7/LODESTechDoc7.4.pdf,FALSE,,
lodes_rac,NA,cns04_n,NA,NA,Number of jobs in NAICS sector 23 (Construction),https://lehd.ces.census.gov/data/lodes/LODES7/LODESTechDoc7.4.pdf,FALSE,,
lodes_rac,NA,cns05_n,NA,NA,Number of jobs in NAICS sector 31-33 (Manufacturing),https://lehd.ces.census.gov/data/lodes/LODES7/LODESTechDoc7.4.pdf,FALSE,,
lodes_rac,NA,cns06_n,NA,NA,Number of jobs in NAICS sector 42 (Wholesale Trade),https://lehd.ces.census.gov/data/lodes/LODES7/LODESTechDoc7.4.pdf,FALSE,,
lodes_rac,NA,cns07_n,NA,NA,Number of jobs in NAICS sector 44-45 (Retail Trade),https://lehd.ces.census.gov/data/lodes/LODES7/LODESTechDoc7.4.pdf,FALSE,,
lodes_rac,NA,cns08_n,NA,NA,Number of jobs in NAICS sector 48-49 (Transportation and Warehousing),https://lehd.ces.census.gov/data/lodes/LODES7/LODESTechDoc7.4.pdf,FALSE,,
lodes_rac,NA,cns09_n,NA,NA,Number of jobs in NAICS sector 51 (Information),https://lehd.ces.census.gov/data/lodes/LODES7/LODESTechDoc7.4.pdf,FALSE,,
lodes_rac,NA,cns10_n,NA,NA,Number of jobs in NAICS sector 52 (Finance and Insurance),https://lehd.ces.census.gov/data/lodes/LODES7/LODESTechDoc7.4.pdf,FALSE,,
lodes_rac,NA,cns11_n,NA,NA,Number of jobs in NAICS sector 53 (Real Estate and Rental and Leasing),https://lehd.ces.census.gov/data/lodes/LODES7/LODESTechDoc7.4.pdf,FALSE,,
lodes_rac,NA,cns12_n,NA,NA,"Number of jobs in NAICS sector 54 (Professional, Scientific, and Technical Services)",https://lehd.ces.census.gov/data/lodes/LODES7/LODESTechDoc7.4.pdf,FALSE,,
lodes_rac,NA,cns13_n,NA,NA,Number of jobs in NAICS sector 55 (Management of Companies and Enterprises),https://lehd.ces.census.gov/data/lodes/LODES7/LODESTechDoc7.4.pdf,FALSE,,
lodes_rac,NA,cns14_n,NA,NA,Number of jobs in NAICS sector 56 (Administrative and Support and Waste Management and Remediation Services),https://lehd.ces.census.gov/data/lodes/LODES7/LODESTechDoc7.4.pdf,FALSE,,
lodes_rac,NA,cns15_n,NA,NA,Number of jobs in NAICS sector 61 (Educational Services),https://lehd.ces.census.gov/data/lodes/LODES7/LODESTechDoc7.4.pdf,FALSE,,
lodes_rac,NA,cns16_n,NA,NA,Number of jobs in NAICS sector 62 (Health Care and Social Assistance),https://lehd.ces.census.gov/data/lodes/LODES7/LODESTechDoc7.4.pdf,FALSE,,
lodes_rac,NA,cns17_n,NA,NA,"Number of jobs in NAICS sector 71 (Arts, Entertainment, and Recreation)",https://lehd.ces.census.gov/data/lodes/LODES7/LODESTechDoc7.4.pdf,FALSE,,
lodes_rac,NA,cns18_n,NA,NA,Number of jobs in NAICS sector 72 (Accommodation and Food Services),https://lehd.ces.census.gov/data/lodes/LODES7/LODESTechDoc7.4.pdf,FALSE,,
lodes_rac,NA,cns19_n,NA,NA,Number of jobs in NAICS sector 81 (Other Services [except Public Administration]),https://lehd.ces.census.gov/data/lodes/LODES7/LODESTechDoc7.4.pdf,FALSE,,
lodes_rac,NA,cns20_n,NA,NA,Number of jobs in NAICS sector 92 (Public Administration),https://lehd.ces.census.gov/data/lodes/LODES7/LODESTechDoc7.4.pdf,FALSE,,
lodes_rac,NA,ca01_frac,NA,NA,Percentage of jobs for workers age 29 or younger,https://lehd.ces.census.gov/data/lodes/LODES7/LODESTechDoc7.4.pdf,FALSE,,
lodes_rac,NA,ca02_frac,NA,NA,Percentage of jobs for workers age 30 to 54,https://lehd.ces.census.gov/data/lodes/LODES7/LODESTechDoc7.4.pdf,FALSE,,
lodes_rac,NA,ca03_frac,NA,NA,Percentage of jobs for workers age 55 or older,https://lehd.ces.census.gov/data/lodes/LODES7/LODESTechDoc7.4.pdf,FALSE,,
lodes_rac,NA,ce02_frac,NA,NA,Percentage of jobs with earnings $1251/month to $3333/month,https://lehd.ces.census.gov/data/lodes/LODES7/LODESTechDoc7.4.pdf,FALSE,,
lodes_rac,NA,cns01_frac,jobs_agriculture_frac,"Number of jobs in NAICS sector 11 (Agriculture, Forestry, Fishing and Hunting)","Percentage of jobs in NAICS sector 11 (Agriculture, Forestry, Fishing and Hunting)",https://lehd.ces.census.gov/data/lodes/LODES7/LODESTechDoc7.4.pdf,FALSE,,
lodes_rac,NA,cns02_frac,jobs_mining_frac,"Number of jobs in NAICS sector 21 (Mining, Quarrying, and Oil and Gas Extraction)","Percentage of jobs in NAICS sector 21 (Mining, Quarrying, and Oil and Gas Extraction)",https://lehd.ces.census.gov/data/lodes/LODES7/LODESTechDoc7.4.pdf,FALSE,,
lodes_rac,NA,cns04_frac,jobs_construction_frac,Number of jobs in NAICS sector 23 (Construction),Percentage of jobs in NAICS sector 23 (Construction),https://lehd.ces.census.gov/data/lodes/LODES7/LODESTechDoc7.4.pdf,FALSE,,
lodes_rac,NA,cns05_frac,jobs_manuf_frac,Number of jobs in NAICS sector 31-33 (Manufacturing),Percentage of jobs in NAICS sector 31-33 (Manufacturing),https://lehd.ces.census.gov/data/lodes/LODES7/LODESTechDoc7.4.pdf,FALSE,,
lodes_rac,NA,cns06_frac,jobs_wholesale_trade_frac,Number of jobs in NAICS sector 42 (Wholesale Trade),Percentage of jobs in NAICS sector 42 (Wholesale Trade),https://lehd.ces.census.gov/data/lodes/LODES7/LODESTechDoc7.4.pdf,FALSE,,
lodes_rac,NA,cns07_frac,jobs_retail_frac,Number of jobs in NAICS sector 44-45 (Retail Trade),Percentage of jobs in NAICS sector 44-45 (Retail Trade),https://lehd.ces.census.gov/data/lodes/LODES7/LODESTechDoc7.4.pdf,FALSE,,
lodes_rac,NA,cns08_frac,jobs_transp_frac,Number of jobs in NAICS sector 48-49 (Transportation and Warehousing),Percentage of jobs in NAICS sector 48-49 (Transportation and Warehousing),https://lehd.ces.census.gov/data/lodes/LODES7/LODESTechDoc7.4.pdf,FALSE,,
lodes_rac,NA,cns09_frac,jobs_information_frac,Number of jobs in NAICS sector 51 (Information),Percentage of jobs in NAICS sector 51 (Information),https://lehd.ces.census.gov/data/lodes/LODES7/LODESTechDoc7.4.pdf,FALSE,,
lodes_rac,NA,cns10_frac,jobs_finance_frac,Number of jobs in NAICS sector 52 (Finance and Insurance),Percentage of jobs in NAICS sector 52 (Finance and Insurance),https://lehd.ces.census.gov/data/lodes/LODES7/LODESTechDoc7.4.pdf,FALSE,,
lodes_rac,NA,cns11_frac,jobs_real_est_frac,Number of jobs in NAICS sector 53 (Real Estate and Rental and Leasing),Percentage of jobs in NAICS sector 53 (Real Estate and Rental and Leasing),https://lehd.ces.census.gov/data/lodes/LODES7/LODESTechDoc7.4.pdf,FALSE,,
lodes_rac,NA,cns14_frac,jobs_wstMngt_support_remediation_frac,Number of jobs in NAICS sector 56 (Administrative and Support and Waste Management and Remediation Services),Percentage of jobs in NAICS sector 56 (Administrative and Support and Waste Management and Remediation Services),https://lehd.ces.census.gov/data/lodes/LODES7/LODESTechDoc7.4.pdf,FALSE,,
lodes_rac,NA,cns17_frac,jobs_rec_entertain_frac,"Number of jobs in NAICS sector 71 (Arts, Entertainment, and Recreation)","Percentage of jobs in NAICS sector 71 (Arts, Entertainment, and Recreation)",https://lehd.ces.census.gov/data/lodes/LODES7/LODESTechDoc7.4.pdf,FALSE,,
lodes_rac,NA,cns19_frac,NA,NA,Percentage of jobs in NAICS sector 81 (Other Services [except Public Administration]),https://lehd.ces.census.gov/data/lodes/LODES7/LODESTechDoc7.4.pdf,FALSE,,
lodes_rac,NA,cns20_frac,NA,NA,Percentage of jobs in NAICS sector 92 (Public Administration),https://lehd.ces.census.gov/data/lodes/LODES7/LODESTechDoc7.4.pdf,FALSE,,
hpsa_primary_care,NA,designation_type,NA,NA,This attribute represents the geography or facility type code characterizing the Health Professional Shortage Area (HPSA).,NA,FALSE,,
hpsa_primary_care,NA,hpsa_status,NA,NA,This attribute represents the textual description of the current status of the Health Professional Shortage Area (HPSA) designation.,NA,FALSE,,
hpsa_mental_health,NA,designation_type,NA,NA,This attribute represents the geography or facility type code characterizing the Health Professional Shortage Area (HPSA).,NA,FALSE,,
hpsa_mental_health,NA,hpsa_status,NA,NA,This attribute represents the textual description of the current status of the Health Professional Shortage Area (HPSA) designation.,NA,FALSE,,
bls,NA,lbr_force,NA,NA,Number of individuals in the labor force,https://www.bls.gov/data/#employment,FALSE,,
bls,NA,nbr_emplyd,NA,NA,Number of labor force participants employed,https://www.bls.gov/data/#employment,FALSE,,
bls,NA,nbr_unemplyd,NA,NA,Number of labor force paticipants unemployed,https://www.bls.gov/data/#employment,FALSE,,
bls,NA,unemply_rate,NA,NA,Unemployment rate,https://www.bls.gov/data/#employment,FALSE,,
NA,NA,NA,NA,NA,NA,NA,FALSE,,
acs_5,C27007_020,medicaid_female_65over_pop,total medicaid coverage for females 65 and over,total medicaid coverage for females 65 and over,NA,NA,FALSE,,
acs_5,C27007_017,medicaid_female_19to64_pop,total medicaid coverage for females 19 to 64,total medicaid coverage for females 19 to 64,NA,NA,FALSE,,
acs_5,C27007_014,medicaid_female_under19_pop,total medicaid coverage for females under 19,total medicaid coverage for females under 19,NA,NA,FALSE,,
acs_5,C27007_010,medicaid_male_65over_pop,total medicaid coverage for males 65 and over,total medicaid coverage for males 65 and over,NA,NA,FALSE,,
acs_5,C27007_007,medicaid_male_19to64_pop,total medicaid coverage for males 19 to 64,total medicaid coverage for males 19 to 64,NA,NA,FALSE,,
acs_5,C27007_004,medicaid_male_under19_pop,total medicaid coverage for males under 19,total medicaid coverage for males under 19,NA,NA,FALSE,,
acs_5,C27006_020,medicare_female_65over_pop,total medicare coverage for females 65 and over,total medicare coverage for females 65 and over,NA,NA,FALSE,,
acs_5,C27006_017,medicare_female_19to64_pop,total medicare coverage for females 19 to 64,total medicare coverage for females 19 to 64,NA,NA,FALSE,,
acs_5,C27006_014,medicare_female_under19_pop,total medicare coverage for females under 19,total medicare coverage for females under 19,NA,NA,FALSE,,
acs_5,C27006_010,medicare_male_65over_pop,total medicare coverage for males 65 and over,total medicare coverage for males 65 and over,NA,NA,FALSE,,
acs_5,C27006_007,medicare_male_19to64_pop,total medicare coverage for males 19 to 64,total medicare coverage for males 19 to 64,NA,NA,FALSE,,
acs_5,C27006_004,medicare_male_under19_pop,total medicare coverage for males under 19,total medicare coverage for males under 19,NA,NA,FALSE,,
acs_5,B27010_066,no_health_insurance_65over_pop,total no health insurance 65 and over,total no health insurance 65 and over,NA,NA,FALSE,,
acs_5,B27010_050,no_health_insurance_35to64_pop,total no health insurance 35 to 64,total no health insurance 35 to 64,NA,NA,FALSE,,
acs_5,B27010_033,no_health_insurance_19to34_pop,total no health insurance 19 to 34,total no health insurance 19 to 34,NA,NA,FALSE,,
acs_5,B27010_017,no_health_insurance_under19_pop,total no health insurance under 19,total no health insurance under 19,NA,NA,FALSE,,
acs_5,B25071_001,rent_pct_of_income,rent as a percent of income,rent as a percent of income,NA,NA,FALSE,,
acs_5,NA,frac_mobile_homes,fraction mobile home units,fraction mobile home units,NA,NA,FALSE,,
acs_5,B25024_010,mobile_homes,total mobile home units,total mobile home units,NA,NA,FALSE,,
acs_5,NA,frac_housing_units_20over_homes,fraction housing with units 20 and over,fraction housing with units 20 and over,NA,NA,FALSE,,
acs_5,B25024_008,housing_units_20over_homes,total housing with units 20 and over,total housing with units 20 and over,NA,NA,FALSE,,
acs_5,NA,frac_housing_units_10to19_homes,fraction housing with units between 10 and 19,fraction housing with units between 10 and 19,NA,NA,FALSE,,
acs_5,B25024_007,housing_units_10to19_homes,total housing with units between 10 and 19,total housing with units between 10 and 19,NA,NA,FALSE,,
acs_5,NA,frac_owner_ocupd_homes,fraction owner occupied homes,fraction owner occupied homes,NA,NA,FALSE,,
acs_5,B25012_002,owner_ocupd_homes,total owner occupied homes,total owner occupied homes,NA,NA,FALSE,,
acs_5,B25010_001,avg_household_size,average household size,average household size,NA,NA,FALSE,,
acs_5,NA,frac_other_vacant_homes,"vacant homes from forclosure, extended absence or abandoned","vacant homes from forclosure, extended absence or abandoned",NA,NA,FALSE,,
acs_5,B25004_008,other_vacant_homes,"vacant homes from forclosure, extended absence or abandoned","vacant homes from forclosure, extended absence or abandoned",NA,NA,FALSE,,
acs_5,B23025_007,ttl_est_not_in_labor_force,total not in the labor force,total not in the labor force,NA,NA,FALSE,,
acs_5,NA,frac_employed_labor,fraction employed,fraction employed,NA,NA,FALSE,,
acs_5,B23025_005,employed_labor,total employed,total employed,NA,NA,FALSE,,
acs_5,B23025_002,ttl_est_labor_force,total labor force,total labor force,NA,NA,FALSE,,
acs_5,B19013_001,median_household_income,median household income (inflation adjusted),median household income (inflation adjusted),NA,NA,FALSE,,
acs5,B18101_038,disability_female_75over_pop,Total females with a disability 75 and over,NA,NA,NA,FALSE,,
acs5,B18101_035,disability_female_65to74_pop,Total females with a disability between 65 and 74,NA,NA,NA,FALSE,,
acs5,B18101_032,disability_female_35to64_pop,Total females with a disability between 35 and 64,NA,NA,NA,FALSE,,
acs5,B18101_029,disability_female_18to34_pop,Total females with a disability between 18 and 34,NA,NA,NA,FALSE,,
acs5,B18101_026,disability_female_5to17_pop,Total females with a disability between 5 and 17,NA,NA,NA,FALSE,,
acs5,B18101_023,disability_female_under5_pop,Total females with a disability under 5,NA,NA,NA,FALSE,,
acs_5,B18101_019,disability_male_75over_pop,Total males with a disability 75 and over,NA,NA,NA,FALSE,,
acs_5,B18101_016,disability_male_65to74_pop,Total males with a disability between 65 and 74,NA,NA,NA,FALSE,,
acs_5,B18101_013,disability_male_35to64_pop,Total males with a disability between 35 and 64,NA,NA,NA,FALSE,,
acs_5,B18101_010,disability_male_18to34_pop,Total males with a disability between 18 and 34,NA,NA,NA,FALSE,,
acs_5,B18101_007,disability_male_5to17_pop,Total males with a disability between 5 and 17,NA,NA,NA,FALSE,,
acs_5,B18101_004,disability_male_under5_pop,Total males with a disability under 5,NA,NA,NA,FALSE,,
acs_5,B11001_001,ttl_est_homes,total households including living alone,total households including living alone,NA,NA,FALSE,,
acs_5,NA,frac_fed_gov_worker_labor,fraction federal government worker,fraction federal government worker,NA,NA,FALSE,,
acs_5,B08128_008,fed_gov_worker_labor,total federal government worker,total federal government worker,NA,NA,FALSE,,
acs_5,NA,frac_state_gov_worker_labor,fraction state government worker,fraction state government worker,NA,NA,FALSE,,
acs_5,B08128_007,state_gov_worker_labor,total state government worker,total state government worker,NA,NA,FALSE,,
acs_5,NA,frac_local_gov_worker_labor,fraction local government worker,fraction local government worker,NA,NA,FALSE,,
acs_5,B08128_006,local_gov_worker_labor,total local government worker,total local government worker,NA,NA,FALSE,,
acs_5,NA,frac_non_profit_worker_labor,fraction non-profit workers,fraction non-profit workers,NA,NA,FALSE,,
acs_5,B08128_005,non_profit_worker_labor,total non-profit workers,total non-profit workers,NA,NA,FALSE,,
acs_5,NA,frac_self_employed_worker_labor,fraction self employed worker,fraction self employed worker,NA,NA,FALSE,,
acs_5,B08128_004,self_employed_worker_labor,total self employed worker,total self employed worker,NA,NA,FALSE,,
acs_5,NA,frac_private_company_worker_labor,fraction private company workers,fraction private company workers,NA,NA,FALSE,,
acs_5,B08128_003,private_company_worker_labor,total private company workers,total private company workers,NA,NA,FALSE,,
acs_5,NA,frac_moved_from_diff_state_1_4_yrs_pop,fraction moved from different state in the last 1-4 years,fraction moved from different state in the last 1-4 years,NA,NA,FALSE,,
acs_5,B07001_066,moved_from_diff_state_1_4_yrs_pop,total moved from different state in the last 1-4 years,total moved from different state in the last 1-4 years,NA,NA,FALSE,,
acs_5,NA,frac_moved_from_diff_state_pop,fraction moved from different state,fraction moved from different state,NA,NA,FALSE,,
acs_5,B07001_065,moved_from_diff_state_pop,total moved from different state,total moved from different state,NA,NA,FALSE,,
